type_value,pp_code,parking_pl_value,x,y,destination,no_of_lots
CAR LOTS,P0093,PASIR PANJANG ROAD OFF STREET,1.27662634985596,103.795707366176,"(1.27662634985596, 103.795707366176)",28
CAR LOTS,A0046,ALJUNIED ROAD OFF STREET,1.31381096043665,103.88172686135,"(1.31381096043665, 103.88172686135)",13
CAR LOTS,H0057,HINDOO ROAD / KAMPONG KAPOR ROAD OFF STREET,1.30785626947704,103.85452027497,"(1.30785626947704, 103.85452027497)",13
CAR LOTS,S0127,SERVICE ROAD OFF JOO CHIAT ROAD,1.30649874502258,103.904647667351,"(1.30649874502258, 103.904647667351)",12
CAR LOTS,N0006,NEIL ROAD OFF STREET,1.27918443617309,103.841865824971,"(1.27918443617309, 103.841865824971)",15
CAR LOTS,S0064,SERANGOON GARDEN WAY SERVICE ROAD,1.36335340692304,103.865885056509,"(1.36335340692304, 103.865885056509)",84
CAR LOTS,P0109,PASIR RIS PARK CAR PARK E OFF STREET,1.38444051098452,103.943690796367,"(1.38444051098452, 103.943690796367)",37
CAR LOTS,P0075,PENHAS ROAD / LAVENDER STREET OFF STREET,1.30983159286094,103.862705962464,"(1.30983159286094, 103.862705962464)",29
CAR LOTS,M0015,MOHAMED SULTAN  ROAD,1.29101142891671,103.839051479321,"(1.29101142891671, 103.839051479321)",107
CAR LOTS,P0048,PEARL BANK OFF STREET,1.28323167882736,103.840465094951,"(1.28323167882736, 103.840465094951)",36
CAR LOTS,L0116,LORONG 21 GEYLANG / GEYLANG ROAD OFF STREET,1.31291994805886,103.880362793375,"(1.31291994805886, 103.880362793375)",29
CAR LOTS,U0040,UPPER ALJUNIED LINK OFF STREET,1.33436891319766,103.882297717906,"(1.33436891319766, 103.882297717906)",15
CAR LOTS,J0092,JALAN KURAS OFF STREET,1.37322688101165,103.828763275308,"(1.37322688101165, 103.828763275308)",60
CAR LOTS,K0111,KINTA ROAD OFF STREET,1.30936587971973,103.853490267369,"(1.30936587971973, 103.853490267369)",133
CAR LOTS,B0087,BAGHDAD STREET OFF STREET,1.30114703510885,103.860388827821,"(1.30114703510885, 103.860388827821)",33
CAR LOTS,C0147,CHANGI ROAD / JALAN WAKAFF OFF STREET,1.31854004282819,103.910483642482,"(1.31854004282819, 103.910483642482)",18
CAR LOTS,S0132,SERVICE ROAD OFF ALIWAL STREET,1.30323863550532,103.860618363944,"(1.30323863550532, 103.860618363944)",7
CAR LOTS,L0058,LIM TUA TOW ROAD OFF STREET,1.35363750561328,103.877275304632,"(1.35363750561328, 103.877275304632)",44
CAR LOTS,L0107,LORONG BACHOK OFF STREET,1.313586954252,103.879329161171,"(1.313586954252, 103.879329161171)",31
CAR LOTS,H0022,HULLET ROAD OFF STREET,1.30310996957704,103.839200122409,"(1.30310996957704, 103.839200122409)",16
CAR LOTS,H0003,HAMILTON ROAD OFF STREET,1.31152287033067,103.861781143433,"(1.31152287033067, 103.861781143433)",26
CAR LOTS,S0108,SHREWSBURY ROAD OFF STREET,1.3184461647764,103.850481804515,"(1.3184461647764, 103.850481804515)",34
CAR LOTS,Q0006,QUEEN STREET OFF STREET,1.29965873220356,103.85344519549,"(1.29965873220356, 103.85344519549)",110
CAR LOTS,P0033,PASIR RIS CLOSE OFF STREET,1.37570985630033,103.956412600265,"(1.37570985630033, 103.956412600265)",366
CAR LOTS,A0021,AMOY STREET OFF STREET,1.28071462610806,103.84722129219,"(1.28071462610806, 103.84722129219)",16
CAR LOTS,S0055,SERANGOON GARDEN MARKET OFF STREET,1.36263512787571,103.866314291681,"(1.36263512787571, 103.866314291681)",150
CAR LOTS,L0078,LORONG MYDIN OFF STREET,1.31903045104143,103.911871074172,"(1.31903045104143, 103.911871074172)",33
CAR LOTS,B0031,BEATTY ROAD OFF STREET,1.31395909337023,103.859690673125,"(1.31395909337023, 103.859690673125)",21
CAR LOTS,G0037,GENTING LANE OFF STREET,1.32492815362469,103.877908707632,"(1.32492815362469, 103.877908707632)",52
CAR LOTS,C0114,CHANGI ROAD SERVICE ROAD,1.31773909461548,103.906283653277,"(1.31773909461548, 103.906283653277)",41
CAR LOTS,O0029,ONAN ROAD OFF STREET,1.3097083372687,103.901458332933,"(1.3097083372687, 103.901458332933)",17
CAR LOTS,K0121,KAMPONG KAPOR ROAD OFF STREET,1.30633296601548,103.853946323268,"(1.30633296601548, 103.853946323268)",69
CAR LOTS,J0100,JALAN PELEPAH OFF STREET,1.27381550741734,103.795596569024,"(1.27381550741734, 103.795596569024)",62
CAR LOTS,P0106,PASIR PANJANG ROAD / CLEMENTI ROAD OFF STREET,1.2914037939567,103.768250426624,"(1.2914037939567, 103.768250426624)",51
CAR LOTS,J0099,JALAN BAHAR HEAVY VEHICLE PARK,1.34820689269063,103.70335519527,"(1.34820689269063, 103.70335519527)",44
CAR LOTS,M0040,MACKENZIE ROAD A OFF STREET,1.30488187754756,103.849667266753,"(1.30488187754756, 103.849667266753)",116
CAR LOTS,S0079,SERVICE ROAD OFF KING GEORGE'S AVENUE,1.31011659958798,103.861546984695,"(1.31011659958798, 103.861546984695)",24
CAR LOTS,H0015,HINDOO ROAD OFF STREET,1.30849646112117,103.854087233234,"(1.30849646112117, 103.854087233234)",12
CAR LOTS,F0029,FORT ROAD / EAST COAST PARK HEAVY VEHICLE PARK,1.29470605689432,103.8848830683,"(1.29470605689432, 103.8848830683)",52
CAR LOTS,B0023,BENG WAN ROAD OFF STREET,1.32309165552499,103.865188348167,"(1.32309165552499, 103.865188348167)",41
CAR LOTS,H0024,HONG LIM PARK OFF STREET,1.28625378310591,103.847422027187,"(1.28625378310591, 103.847422027187)",21
CAR LOTS,J0055,JALAN SEH CHUAN OFF STREET,1.34138661113465,103.775247337346,"(1.34138661113465, 103.775247337346)",158
CAR LOTS,U0043,UPPER THOMSON ROAD OFF STREET,1.34983573773369,103.836126642119,"(1.34983573773369, 103.836126642119)",38
CAR LOTS,P0072,PENNEFATHER ROAD,1.30930488429589,103.90095574096,"(1.30930488429589, 103.90095574096)",5
CAR LOTS,E0024,EAST COAST PARK E2 OFF STREET,1.30681998478859,103.935738805399,"(1.30681998478859, 103.935738805399)",391
CAR LOTS,B0062,BUFFALO ROAD SERVICE ROAD,1.30703396724159,103.850853471129,"(1.30703396724159, 103.850853471129)",18
CAR LOTS,P0096,PENANG ROAD OFF STREET,1.29979001002364,103.842335207192,"(1.29979001002364, 103.842335207192)",19
CAR LOTS,R0038,RACE COURSE ROAD / NORTHUMBERLAND ROAD,1.31040678614373,103.852120046495,"(1.31040678614373, 103.852120046495)",145
CAR LOTS,H0056,HOSPITAL DRIVE CAR PARK B OFF STREET,1.27859357218296,103.837426599385,"(1.27859357218296, 103.837426599385)",102
CAR LOTS,U0036,UPPER EAST COAST ROAD OFF STREET,1.31192076850536,103.925857706763,"(1.31192076850536, 103.925857706763)",139
CAR LOTS,O0028,OUTRAM ROAD OFF STREET,1.28425967325945,103.835405362685,"(1.28425967325945, 103.835405362685)",45
CAR LOTS,G0005,GRANGE ROAD / SOMERSET ROAD OFF STREET,1.30084648093736,103.837456932088,"(1.30084648093736, 103.837456932088)",183
CAR LOTS,U0045,UBI LINK,1.33202189451063,103.893535994868,"(1.33202189451063, 103.893535994868)",15
CAR LOTS,B0063,BUKIT BATOK NATURE PARK OFF STREET,1.34722957674226,103.761706860615,"(1.34722957674226, 103.761706860615)",112
CAR LOTS,C0151,CHANGI BEACH CAR PARK 1,1.39137707579011,103.989595981703,"(1.39137707579011, 103.989595981703)",77
CAR LOTS,B0032,BUKIT TIMAH MARKET OFF STREET,1.33881456868624,103.776419941281,"(1.33881456868624, 103.776419941281)",148
CAR LOTS,K0082,KAMPONG BUGIS OFF STREET,1.30595034557319,103.867345992398,"(1.30595034557319, 103.867345992398)",39
CAR LOTS,K0082,KAMPONG BUGIS OFF STREET,1.30595034557319,103.867345992398,"(1.30595034557319, 103.867345992398)",39
CAR LOTS,C0155,CHANGI BEACH CAR PARK 5,1.38982429841996,103.996075750922,"(1.38982429841996, 103.996075750922)",49
CAR LOTS,S0033,SERVICE ROAD OFF CHOA CHU KANG AVENUE 1,1.37664094357914,103.744962736291,"(1.37664094357914, 103.744962736291)",64
CAR LOTS,C0154,CHANGI BEACH CAR PARK 4,1.38995892474735,103.994719359534,"(1.38995892474735, 103.994719359534)",109
CAR LOTS,C0152,CHANGI BEACH CAR PARK 2,1.39073306088186,103.992203690544,"(1.39073306088186, 103.992203690544)",22
CAR LOTS,J0056,JALAN SEH CHUAN / LORONG KILAT OFF STREET,1.34078832287792,103.774648604622,"(1.34078832287792, 103.774648604622)",7
CAR LOTS,Z0001,ZION ROAD OFF STREET,1.29235057871016,103.830793800255,"(1.29235057871016, 103.830793800255)",17
CAR LOTS,P0013,PRINCE EDWARD ROAD / SHENTON WAY OFF STREET,1.27488683591079,103.84821479123,"(1.27488683591079, 103.84821479123)",150
CAR LOTS,F0027,FORT CANNING PARK C OFF STREET,1.29611439267267,103.844635179247,"(1.29611439267267, 103.844635179247)",58
CAR LOTS,J0094,JALAN KURAS,1.3725559028381,103.829513711279,"(1.3725559028381, 103.829513711279)",8
CAR LOTS,J0106,JOO CHIAT LANE,1.31214833306406,103.900735759061,"(1.31214833306406, 103.900735759061)",10
CAR LOTS,S0112,SEAH IM ROAD OFF STREET,1.26725277598949,103.818223731149,"(1.26725277598949, 103.818223731149)",803
CAR LOTS,C0153,CHANGI BEACH CAR PARK 3,1.39048651614173,103.992466919587,"(1.39048651614173, 103.992466919587)",48
CAR LOTS,C0118,CEYLON ROAD,1.30536622100417,103.902874437109,"(1.30536622100417, 103.902874437109)",14
CAR LOTS,P0054,PASIR PANJANG RD FOOD CENTRE,1.27593704734737,103.79100991613,"(1.27593704734737, 103.79100991613)",78
CAR LOTS,C0118,CEYLON ROAD,1.30536622100417,103.902874437109,"(1.30536622100417, 103.902874437109)",14
CAR LOTS,T0140,TANJONG KATONG ROAD OFF STREET,1.30618353774702,103.896386461618,"(1.30618353774702, 103.896386461618)",144
CAR LOTS,S0109,SIN MING ROAD HEAVY VEHICLE PARK,1.35684043040912,103.838089148733,"(1.35684043040912, 103.838089148733)",85
CAR LOTS,L0104,LORONG BEKUKONG OFF STREET,1.38982375457455,103.987121308557,"(1.38982375457455, 103.987121308557)",195
CAR LOTS,K0048,KALLANG ROAD/CRAWFORD STREET OFF STREET,1.30668702560385,103.863474687889,"(1.30668702560385, 103.863474687889)",259
CAR LOTS,L0093,LIANG SEAH STREET OFF STREET,1.29721726209329,103.856194935487,"(1.29721726209329, 103.856194935487)",45
MYCYCLE LOTS,W0029,WEST COAST PARK 1 OFF STREET,1.28933526405876,103.771751600828,"(1.28933526405876, 103.771751600828)",68
MYCYCLE LOTS,P0094,PASIR PANJANG ROAD / SOUTH BUONA VISTA ROAD,1.27869219653804,103.785594841628,"(1.27869219653804, 103.785594841628)",41
CAR LOTS,P0113,PASIR PANJANG FOOD CENTRE (TEMP) OFF STREET CAR PARK,1.27511085908972,103.792826569174,"(1.27511085908972, 103.792826569174)",92
MYCYCLE LOTS,Y0019,YAN KIT ROAD / CANTONMENT ROAD OFF STREET,1.27435787260008,103.84141578897,"(1.27435787260008, 103.84141578897)",23
MYCYCLE LOTS,L0064,LORONG 21 GEYLANG OFF STREET,1.31361688400068,103.879728364824,"(1.31361688400068, 103.879728364824)",49
MYCYCLE LOTS,K0032,KENSINGTON PARK ROAD OFF STREET,1.36480526021676,103.866368763678,"(1.36480526021676, 103.866368763678)",55
MYCYCLE LOTS,Q0007,QUEEN STREET / ROCHOR ROAD OFF STREET,1.30130010243748,103.855813737345,"(1.30130010243748, 103.855813737345)",236
CAR LOTS,S0023,STURDEE ROAD,1.31244107060851,103.859061204542,"(1.31244107060851, 103.859061204542)",14
MYCYCLE LOTS,R0011,ROBERTS LANE,1.3101904550708,103.853925295467,"(1.3101904550708, 103.853925295467)",24
MYCYCLE LOTS,B0088,BEDOK ROAD FOOD CENTRE OFF STREET,1.32045943258979,103.955176657417,"(1.32045943258979, 103.955176657417)",121
MYCYCLE LOTS,C0133,CARPENTER STREET OFF STREET,1.28798881539232,103.848187308598,"(1.28798881539232, 103.848187308598)",78
MYCYCLE LOTS,L0013,LORONG 6 GEYLANG,1.30911834087456,103.876783071776,"(1.30911834087456, 103.876783071776)",32
MYCYCLE LOTS,L0013,LORONG 6 GEYLANG,1.30911834087456,103.876783071776,"(1.30911834087456, 103.876783071776)",32
MYCYCLE LOTS,L0115,LORONG 1 GEYLANG ROAD OFF STREET,1.31045960917583,103.871843474585,"(1.31045960917583, 103.871843474585)",72
MYCYCLE LOTS,L0015,LORONG 8 GEYLANG,1.3093102857622,103.877357798995,"(1.3093102857622, 103.877357798995)",35
CAR LOTS,C0148,CLEMENCEAU AVENUE NORTH (NEWTON FC),1.31050175750965,103.839676470129,"(1.31050175750965, 103.839676470129)",252
MYCYCLE LOTS,E0027,EAST COAST PARK E1 OFF STREET,1.30585787442426,103.92933604314,"(1.30585787442426, 103.92933604314)",572
MYCYCLE LOTS,J0095,JALAN LEBAN SERVICE ROAD,1.37142730863255,103.828958947941,"(1.37142730863255, 103.828958947941)",30
MYCYCLE LOTS,D0026,DICKSON ROAD OFF STREET,1.30571453942063,103.853763615773,"(1.30571453942063, 103.853763615773)",49
MYCYCLE LOTS,D0028,DELTA CIRCUS FRINGE CARPARK,1.28870522572214,103.824879197052,"(1.28870522572214, 103.824879197052)",114
MYCYCLE LOTS,K0118,KAMPONG JAVA FRINGE CAR PARK,1.31126860312542,103.845046966463,"(1.31126860312542, 103.845046966463)",5
MYCYCLE LOTS,S0111,STAGMONT RING HEAVY VEHICLE PARK,1.39135883152987,103.753797769039,"(1.39135883152987, 103.753797769039)",37
MYCYCLE LOTS,M0032,MARSILING CRESCENT,1.44754411859943,103.77434769351,"(1.44754411859943, 103.77434769351)",14
MYCYCLE LOTS,S0106,SIN MING DRIVE OFF STREET,1.35641576667235,103.836049394588,"(1.35641576667235, 103.836049394588)",77
CAR LOTS,M0063,MAYNE ROAD,1.30577006173608,103.848757806318,"(1.30577006173608, 103.848757806318)",6
MYCYCLE LOTS,T0017,TIONG BAHRU PARK OFF STREET,1.28685783982366,103.824889584875,"(1.28685783982366, 103.824889584875)",25
CAR LOTS,J0062,JALAN AMPAS,1.32546688587242,103.850822385801,"(1.32546688587242, 103.850822385801)",17
CAR LOTS,B0035,BELILIOS LANE OFF STREET,1.3071145887273,103.851474447077,"(1.3071145887273, 103.851474447077)",32
CAR LOTS,B0035,BELILIOS LANE OFF STREET,1.3071145887273,103.851474447077,"(1.3071145887273, 103.851474447077)",32
CAR LOTS,P0035,PHENG GECK AVENUE,1.32951897902507,103.869386793014,"(1.32951897902507, 103.869386793014)",58
CAR LOTS,S0020,SEMBAWANG HILLS FOOD CENTRE OFF STREET,1.37206957898629,103.828901068905,"(1.37206957898629, 103.828901068905)",30
CAR LOTS,A0011,ARMENIAN STREET OFF STREET,1.29372996272546,103.848840179959,"(1.29372996272546, 103.848840179959)",51
CAR LOTS,N0012,NORTH BRIDGE ROAD MARKET OFF STREET,1.30047700488201,103.856795525374,"(1.30047700488201, 103.856795525374)",66
CAR LOTS,W0051,WOODLANDS INDUSTRIAL PARK E6,1.44921737051485,103.799538578755,"(1.44921737051485, 103.799538578755)",10
CAR LOTS,J0122,JALAN KAYU OFF STREET,1.39828573491224,103.873160125399,"(1.39828573491224, 103.873160125399)",237
CAR LOTS,F0022,FORT CANNING PARK B OFF STREET,1.29612036774765,103.846507966126,"(1.29612036774765, 103.846507966126)",50
MYCYCLE LOTS,A0034,ANAMALAI AVENUE,1.33034361724479,103.794947563388,"(1.33034361724479, 103.794947563388)",27
MYCYCLE LOTS,T0115,TELOK KURAU ROAD,1.30817291219616,103.912518770013,"(1.30817291219616, 103.912518770013)",25
CAR LOTS,K0108,KEPPEL ROAD OFF STREET,1.27274462735996,103.839498781875,"(1.27274462735996, 103.839498781875)",127
MYCYCLE LOTS,T0066,TAGORE INDUSTRIAL AVENUE,1.38323677350477,103.828097346276,"(1.38323677350477, 103.828097346276)",90
MYCYCLE LOTS,E0023,EAST COAST PARK E3 OFF STREET,1.30839719409473,103.936163085717,"(1.30839719409473, 103.936163085717)",44
MYCYCLE LOTS,S0098,SIMS AVENUE (BET LOR 3 GEYLANG/PAYA LEBAR RD),1.31345743280327,103.87594293628,"(1.31345743280327, 103.87594293628)",142
MYCYCLE LOTS,L0041,LORONG 29 GEYLANG,1.31396040812161,103.885623503753,"(1.31396040812161, 103.885623503753)",25
CAR LOTS,F0031,FARLEIGH AVENUE OFF STREET,1.36394001757963,103.865599450947,"(1.36394001757963, 103.865599450947)",44
MYCYCLE LOTS,J0017,JOO CHIAT ROAD OFF STREET,1.30859280159493,103.903152553495,"(1.30859280159493, 103.903152553495)",135
MYCYCLE LOTS,U0042,UPPER CHANGI ROAD / BEDOK ROAD OFF STREET,1.33196112594193,103.94684922048,"(1.33196112594193, 103.94684922048)",58
MYCYCLE LOTS,T0129,TANJONG KATONG COMPLEX,1.31588703548497,103.895119017271,"(1.31588703548497, 103.895119017271)",450
MYCYCLE LOTS,S0141,SERVICE ROAD OFF UPPER EAST COAST ROAD,1.31291450229082,103.925999274542,"(1.31291450229082, 103.925999274542)",26
MYCYCLE LOTS,S0161,SEMBAWANG ROAD OFF STREET,1.44232814259679,103.823407524978,"(1.44232814259679, 103.823407524978)",87
MYCYCLE LOTS,M0078,MARITIME SQUARE D OFF STREET,1.26604066759661,103.820257209413,"(1.26604066759661, 103.820257209413)",658
MYCYCLE LOTS,M0059,MACKENZIE ROAD B OFF STREET,1.30528093211079,103.848217932127,"(1.30528093211079, 103.848217932127)",115
MYCYCLE LOTS,C0156,CHANGI BEACH CAR PARK 6,1.38400933224126,104.001127095349,"(1.38400933224126, 104.001127095349)",34
CAR LOTS,T0103,TEMBELING ROAD OFF STREET,1.31249043650364,103.900880445362,"(1.31249043650364, 103.900880445362)",223
MYCYCLE LOTS,Q0009,QUEEN'S CRESCENT HVP,1.29044169243921,103.800740216752,"(1.29044169243921, 103.800740216752)",20
MYCYCLE LOTS,D0029,DAIRY FARM ROAD /  PETIR ROAD HEAVY VEHCLE PARK,1.36593371476921,103.775703395827,"(1.36593371476921, 103.775703395827)",96
CAR LOTS,M0017,MIDDLE ROAD OFF STREET,1.30151372342879,103.850548488174,"(1.30151372342879, 103.850548488174)",15
MYCYCLE LOTS,P0076,PANDAN ROAD,1.29840238065476,103.753947447402,"(1.29840238065476, 103.753947447402)",100
MYCYCLE LOTS,W0013,WOODLANDS ROAD LORRY PARK,1.38223374990067,103.759357685162,"(1.38223374990067, 103.759357685162)",38
MYCYCLE LOTS,B0086,BUKIT BATOK EAST AVENUE 2 HEAVY VEHICLE PARK,1.3496966502609,103.762073715484,"(1.3496966502609, 103.762073715484)",45
MYCYCLE LOTS,T0109,TELOK BLANGAH DRIVE HEAVY VEHICLE PARK,1.27360554588305,103.805765338438,"(1.27360554588305, 103.805765338438)",18
MYCYCLE LOTS,B0099,BENDEMEER ROAD HEAVY VEHICLE PARK,1.3135893800032,103.860945655705,"(1.3135893800032, 103.860945655705)",55
MYCYCLE LOTS,K0078,KALLANG SPORTS COMPLEX CARPARK 4,1.30296075860284,103.876860795371,"(1.30296075860284, 103.876860795371)",5
MYCYCLE LOTS,Y0020,YIO CHU KANG ROAD HVP,1.39026184294835,103.863895049883,"(1.39026184294835, 103.863895049883)",138
MYCYCLE LOTS,K0099,KAMPONG EUNOS,1.31801484389804,103.906600813752,"(1.31801484389804, 103.906600813752)",9
MYCYCLE LOTS,T0153,TAMPINES NORTH DRIVE 3 HVP,1.37172993243986,103.936311968197,"(1.37172993243986, 103.936311968197)",133
MYCYCLE LOTS,J0054,JALAN BESAR / BEATTY ROAD OFF STREET,1.31324176294453,103.859450403324,"(1.31324176294453, 103.859450403324)",47
MYCYCLE LOTS,P0083,PIONEER SECTOR 3,1.30595198663804,103.664219095639,"(1.30595198663804, 103.664219095639)",33
MYCYCLE LOTS,Y0020,YIO CHU KANG ROAD HVP,1.39026184294835,103.863895049883,"(1.39026184294835, 103.863895049883)",138
MYCYCLE LOTS,Y0020,YIO CHU KANG ROAD HVP,1.39026184294835,103.863895049883,"(1.39026184294835, 103.863895049883)",138
MYCYCLE LOTS,B0004,BULIM AVENUE H V PARK,1.35568371142578,103.709595309835,"(1.35568371142578, 103.709595309835)",88
MYCYCLE LOTS,T0151,TAMPINES ROAD H V PARK,1.36328135992712,103.902667459286,"(1.36328135992712, 103.902667459286)",105
MYCYCLE LOTS,T0131,TAMPINES AVENUE 9 / AVENUE 10 HEAVY VEHICLE PARK,1.36155781620901,103.931273120491,"(1.36155781620901, 103.931273120491)",92
MYCYCLE LOTS,T0131,TAMPINES AVENUE 9 / AVENUE 10 HEAVY VEHICLE PARK,1.36155781620901,103.931273120491,"(1.36155781620901, 103.931273120491)",92
MYCYCLE LOTS,Y0020,YIO CHU KANG ROAD HVP,1.39026184294835,103.863895049883,"(1.39026184294835, 103.863895049883)",138
MYCYCLE LOTS,A0049,ANG MO KIO AVENUE 1 HEAVY VEHICLE PARK,1.35884579361442,103.853304445797,"(1.35884579361442, 103.853304445797)",12
MYCYCLE LOTS,W0040,WOODLANDS AVENUE 9 (WOODLANDS AVENUE 8 / LINK),1.45223689268099,103.806121465599,"(1.45223689268099, 103.806121465599)",19
MYCYCLE LOTS,,,1.36241612158799,103.93242189035,"(1.36241612158799, 103.93242189035)",53
MYCYCLE LOTS,A0025,ADAM ROAD / DUNEARN CLOSE OFF STREET,1.32430112583925,103.814295864569,"(1.32430112583925, 103.814295864569)",22
MYCYCLE LOTS,M0043,MOUNT EMILY ROAD,1.30414205888101,103.849447518856,"(1.30414205888101, 103.849447518856)",5
MYCYCLE LOTS,D0027,DUNMAN RD FOOD CENTRE OFF STREET,1.30945067117314,103.901660290751,"(1.30945067117314, 103.901660290751)",11
MYCYCLE LOTS,V0007,VERDUN ROAD OFF STREET,1.31015970172194,103.856152854588,"(1.31015970172194, 103.856152854588)",23
CAR LOTS,F0001,FORT CANNING PARK A OFF STREET,1.29630004736022,103.847593512052,"(1.29630004736022, 103.847593512052)",43
CAR LOTS,O0005,OLD UPPER THOMSON ROAD OFF STREET,1.37738665030631,103.828064566542,"(1.37738665030631, 103.828064566542)",17
CAR LOTS,T0036,TAMPINES PLACE,1.36706951108667,103.928720445953,"(1.36706951108667, 103.928720445953)",17
CAR LOTS,K0022,KAKI BUKIT AVENUE 4,1.33899404472698,103.906640522622,"(1.33899404472698, 103.906640522622)",16
MYCYCLE LOTS,B0081,BUKIT BATOK ROAD / JURONG ROAD OFF STREET,1.34727434226287,103.736683325094,"(1.34727434226287, 103.736683325094)",156
MYCYCLE LOTS,T0102,TUAS ROAD,1.30738967235687,103.64951257202,"(1.30738967235687, 103.64951257202)",127
MYCYCLE LOTS,T0107,TAMPINES ROAD / HOUGANG AVENUE 7 (A) HEAVY VEHCILE PARK,1.3621325503591,103.896316947742,"(1.3621325503591, 103.896316947742)",71
MYCYCLE LOTS,L0088,LOYANG DRIVE,1.37039920432763,103.967612012889,"(1.37039920432763, 103.967612012889)",65
MYCYCLE LOTS,S0151,SEMBAWANG DRIVE HEAVY VEHICLE PARK,1.46054168295096,103.815357586108,"(1.46054168295096, 103.815357586108)",49
MYCYCLE LOTS,Y0017,YISHUN AVENUE 7 HEAVY VEHICLE PARK,1.44328434728219,103.841150036428,"(1.44328434728219, 103.841150036428)",106
MYCYCLE LOTS,S0049,SERANGOON RD / LAVENDER STREET OFF STREET,1.31452842327151,103.858487560962,"(1.31452842327151, 103.858487560962)",139
MYCYCLE LOTS,S0049,SERANGOON RD / LAVENDER STREET OFF STREET,1.31452842327151,103.858487560962,"(1.31452842327151, 103.858487560962)",139
MYCYCLE LOTS,S0049,SERANGOON RD / LAVENDER STREET OFF STREET,1.31452842327151,103.858487560962,"(1.31452842327151, 103.858487560962)",139
MYCYCLE LOTS,B0082,BRADDELL ROAD HEAVY VEHICLE PARK,1.34360425926401,103.857967696379,"(1.34360425926401, 103.857967696379)",29
MYCYCLE LOTS,B0082,BRADDELL ROAD HEAVY VEHICLE PARK,1.34360425926401,103.857967696379,"(1.34360425926401, 103.857967696379)",29
MYCYCLE LOTS,M0079,MARSILING CRESCENT  HEAVY VEHICLE PARK,1.44589297303171,103.776824113319,"(1.44589297303171, 103.776824113319)",172
MYCYCLE LOTS,L0117,LORONG 25 / 25A GEYLANG OFF STREET (EPS),1.31521179225489,103.882582334965,"(1.31521179225489, 103.882582334965)",117
MYCYCLE LOTS,P0031,PEPYS ROAD OFF STREET,1.27602683733326,103.793610579073,"(1.27602683733326, 103.793610579073)",35
MYCYCLE LOTS,K0037,KING GEORGE'S AVE OFF STREET,1.31011786115741,103.861628372536,"(1.31011786115741, 103.861628372536)",26
CAR LOTS,L0030,LORONG BACHOK,1.31389448591527,103.879289375422,"(1.31389448591527, 103.879289375422)",13
MYCYCLE LOTS,BL008,BACKLANE BET NORTH CANAL ROAD / CIRCULAR ROAD,1.28645979853577,103.848178207422,"(1.28645979853577, 103.848178207422)",24
CAR LOTS,A0043,AYER RAJAH CRESCENT,1.29282022171078,103.788247789168,"(1.29282022171078, 103.788247789168)",17
CAR LOTS,J0049,JELLICOE ROAD,1.30749674227152,103.861689347351,"(1.30749674227152, 103.861689347351)",3
CAR LOTS,U0029,UPPER THOMSON ROAD,1.35083373781469,103.83648142931,"(1.35083373781469, 103.83648142931)",7
CAR LOTS,P0095,PENJURU CLOSE,1.31230560400533,103.733130923188,"(1.31230560400533, 103.733130923188)",11
CAR LOTS,M0072,MANDALAY ROAD,1.32081152583554,103.849557002738,"(1.32081152583554, 103.849557002738)",10
CAR LOTS,T0070,TANGLIN HALT CLOSE,1.30341194785124,103.796141593141,"(1.30341194785124, 103.796141593141)",37
CAR LOTS,K0034,KUNG CHONG ROAD,1.2895991922446,103.812531828348,"(1.2895991922446, 103.812531828348)",38
CAR LOTS,U0016,UBI ROAD 3,1.33208513945439,103.897728648636,"(1.33208513945439, 103.897728648636)",16
CAR LOTS,T0060,TOH GUAN ROAD,1.33370866865043,103.748865274548,"(1.33370866865043, 103.748865274548)",5
CAR LOTS,S0063,SERANGOON GARDEN WAY,1.36436061982298,103.864605362474,"(1.36436061982298, 103.864605362474)",5
CAR LOTS,U0035,UPPER SERANGOON ROAD (BARTLEY ROAD JUNTION),1.3438661964091,103.87090320466,"(1.3438661964091, 103.87090320466)",31
CAR LOTS,T0062,TAI SENG DRIVE,1.3375242022355,103.893041255061,"(1.3375242022355, 103.893041255061)",14
CAR LOTS,T0096,TUAS WEST AVENUE,1.33235673680474,103.638197355306,"(1.33235673680474, 103.638197355306)",43
CAR LOTS,B0020,BUSSORAH STREET,1.30066791441098,103.860224308086,"(1.30066791441098, 103.860224308086)",13
CAR LOTS,C0126,CHANGI SOUTH AVENUE 2,1.33172356119756,103.969742500085,"(1.33172356119756, 103.969742500085)",14
CAR LOTS,P0015,PRINSEP STREET,1.30002382061839,103.849854726771,"(1.30002382061839, 103.849854726771)",84
CAR LOTS,U0023,UNITY STREET,1.29175583501137,103.842477786448,"(1.29175583501137, 103.842477786448)",20
CAR LOTS,S0148,SUNGEI KADUT CRESCENT,1.40896874855007,103.745035528682,"(1.40896874855007, 103.745035528682)",9
CAR LOTS,L0020,LORONG 13 GEYLANG,1.31251072510667,103.87775028996,"(1.31251072510667, 103.87775028996)",21
CAR LOTS,M0050,MND COMPLEX (SURFACE),1.27916729638848,103.846232064861,"(1.27916729638848, 103.846232064861)",147
CAR LOTS,W0048,WOODLANDS INDUSTRIAL PARK E8,1.45151903614098,103.800696049442,"(1.45151903614098, 103.800696049442)",48
CAR LOTS,A0006,AMOY STREET,1.27982689802389,103.847029095545,"(1.27982689802389, 103.847029095545)",93
MYCYCLE LOTS,P0009,PENANG LANE,1.29673604430935,103.844361715576,"(1.29673604430935, 103.844361715576)",27
CAR LOTS,S0118,SERVICE ROAD OFF PENHAS ROAD,1.30923296772838,103.862317083615,"(1.30923296772838, 103.862317083615)",9
CAR LOTS,S0120,SERVICE ROAD BET PETAIN ROAD / ALLENBY ROAD,1.31083532027208,103.859264048108,"(1.31083532027208, 103.859264048108)",3
CAR LOTS,L0033,LORONG 24 GEYLANG,1.31108704771706,103.883359700959,"(1.31108704771706, 103.883359700959)",25
CAR LOTS,L0028,LORONG 21 GEYLANG,1.31290327058324,103.880176156288,"(1.31290327058324, 103.880176156288)",32
CAR LOTS,I0005,IRVING ROAD,1.33551511903086,103.88714752251,"(1.33551511903086, 103.88714752251)",6
CAR LOTS,S0027,SIAK KEW AVENUE,1.32978545852154,103.870272716873,"(1.32978545852154, 103.870272716873)",4
CAR LOTS,H0028,HAMILTON ROAD,1.31101848298551,103.860540417936,"(1.31101848298551, 103.860540417936)",54
CAR LOTS,L0038,LORONG 27 GEYLANG,1.31356714537959,103.883783250984,"(1.31356714537959, 103.883783250984)",32
CAR LOTS,S0152,SUNSHINE TERRACE,1.34582108444701,103.872630503883,"(1.34582108444701, 103.872630503883)",10
CAR LOTS,L0039,LORONG 27A  GEYLANG,1.31382449993198,103.884598024954,"(1.31382449993198, 103.884598024954)",22
CAR LOTS,U0003,UBI AVENUE  3,1.3310918769424,103.892358912032,"(1.3310918769424, 103.892358912032)",74
MYCYCLE LOTS,BL032,BACKLANE OFF KEONG SAIK ROAD,1.2792250530868,103.841282814298,"(1.2792250530868, 103.841282814298)",7
CAR LOTS,S0171,SPOONER ROAD OFF STREET,1.27548158189082,103.834888459082,"(1.27548158189082, 103.834888459082)",121
CAR LOTS,T0116,TEBAN GARDENS CRESCENT,1.32317880351633,103.741975309097,"(1.32317880351633, 103.741975309097)",104
CAR LOTS,T0116,TEBAN GARDENS CRESCENT,1.32317880351633,103.741975309097,"(1.32317880351633, 103.741975309097)",104
CAR LOTS,J0030,JALAN SEMERBAK,1.32516988657872,103.863196057933,"(1.32516988657872, 103.863196057933)",5
CAR LOTS,T0008,TELOK AYER STREET,1.27845753746886,103.846883014852,"(1.27845753746886, 103.846883014852)",109
CAR LOTS,T0008,TELOK AYER STREET,1.27845753746886,103.846883014852,"(1.27845753746886, 103.846883014852)",109
CAR LOTS,W0049,WOODLANDS INDUSTRIAL PARK E9,1.44914123588784,103.796879987357,"(1.44914123588784, 103.796879987357)",54
MYCYCLE LOTS,S0026,SERVICE ROAD OFF BUKIT TIMAH ROAD / SIXTH AVE,1.33108507038773,103.796483398781,"(1.33108507038773, 103.796483398781)",15
CAR LOTS,L0102,LORONG 108 CHANGI,1.31595685452693,103.904703293772,"(1.31595685452693, 103.904703293772)",14
CAR LOTS,W0010,WESTERHOUT ROAD,1.31108787610285,103.880916853677,"(1.31108787610285, 103.880916853677)",6
CAR LOTS,J0027,JOO KOON CIRCLE,1.32410091050898,103.672943992125,"(1.32410091050898, 103.672943992125)",41
CAR LOTS,K0110,KALLANG WAY 2A,1.32309145267413,103.877722312244,"(1.32309145267413, 103.877722312244)",17
CAR LOTS,L0065,LORONG PENDEK,1.32926720527233,103.874694025193,"(1.32926720527233, 103.874694025193)",4
CAR LOTS,T0009,TEMPLE STREET,1.28240644671495,103.844901405272,"(1.28240644671495, 103.844901405272)",61
MYCYCLE LOTS,D0005,DUNLOP STREET,1.3042371719184,103.854313029967,"(1.3042371719184, 103.854313029967)",69
MYCYCLE LOTS,BL112,BACKLANE BET DICKSON ROAD / DUNLOP STREET,1.30435578169906,103.854356405586,"(1.30435578169906, 103.854356405586)",10
MYCYCLE LOTS,P0117,PECK SEAH STREET OFF STREET,1.27736054660599,103.845014826561,"(1.27736054660599, 103.845014826561)",154
CAR LOTS,H0061,HAPPY AVENUE NORTH,1.32987037107214,103.880082043137,"(1.32987037107214, 103.880082043137)",11
CAR LOTS,K0087,KIM KEAT CLOSE,1.32341509749742,103.853030106138,"(1.32341509749742, 103.853030106138)",22
CAR LOTS,E0031,EAN KIAM PLACE,1.30446851559117,103.902226357764,"(1.30446851559117, 103.902226357764)",26
CAR LOTS,S0018,SULTAN GATE,1.3013886345493,103.860784322458,"(1.3013886345493, 103.860784322458)",22
CAR LOTS,V0001,VEERASAMY ROAD,1.30650455211508,103.855822799536,"(1.30650455211508, 103.855822799536)",38
CAR LOTS,T0083,TUAS AVENUE 12,1.33218767708729,103.643096975428,"(1.33218767708729, 103.643096975428)",15
CAR LOTS,L0034,LORONG 24A GEYLANG,1.31134404070708,103.884041245359,"(1.31134404070708, 103.884041245359)",57
CAR LOTS,L0037,LORONG 26 GEYLANG,1.31135843927249,103.884868558294,"(1.31135843927249, 103.884868558294)",18
CAR LOTS,K0069,KELANTAN LANE,1.30598262473938,103.856267598155,"(1.30598262473938, 103.856267598155)",57
CAR LOTS,M0058,MACPHERSON ROAD,1.3318893951571,103.881844441721,"(1.3318893951571, 103.881844441721)",36
CAR LOTS,T0090,TUAS DRIVE 1,1.32171314978046,103.65734231367,"(1.32171314978046, 103.65734231367)",11
CAR LOTS,D0017,DUNEARN CLOSE,1.32404761352758,103.81477932605,"(1.32404761352758, 103.81477932605)",24
CAR LOTS,S0001,SAM LEONG ROAD,1.30885127030934,103.857333444177,"(1.30885127030934, 103.857333444177)",56
CAR LOTS,C0041,CHIN BEE ROAD,1.32678268776513,103.713383968051,"(1.32678268776513, 103.713383968051)",55
CAR LOTS,B0022,BEATTY LANE,1.31190352082964,103.860337542285,"(1.31190352082964, 103.860337542285)",15
CAR LOTS,P0012,PHILLIP STREET,1.28422968030018,103.849600493521,"(1.28422968030018, 103.849600493521)",24
CAR LOTS,P0055,PETAIN ROAD (JALAN BESAR / TYRWHITT ROAD),1.31099154963428,103.85957359619,"(1.31099154963428, 103.85957359619)",4
CAR LOTS,L0052,LORONG 40 GEYLANG,1.3137828501456,103.889056318609,"(1.3137828501456, 103.889056318609)",21
CAR LOTS,E0006,ENGGOR STREET,1.27410914579192,103.843504909416,"(1.27410914579192, 103.843504909416)",16
CAR LOTS,N0005,NEW INDUSTRIAL ROAD,1.34245675407371,103.885354788135,"(1.34245675407371, 103.885354788135)",12
CAR LOTS,B0084,BEACH ROAD,1.30042398776753,103.860016372292,"(1.30042398776753, 103.860016372292)",15
CAR LOTS,K0049,KELANTAN ROAD,1.30518562048311,103.856692347473,"(1.30518562048311, 103.856692347473)",72
CAR LOTS,C0009,CHANDER ROAD,1.30776329279103,103.851020271801,"(1.30776329279103, 103.851020271801)",13
CAR LOTS,L0024,LORONG 17 GEYLANG,1.31271351565706,103.87887781111,"(1.31271351565706, 103.87887781111)",27
CAR LOTS,B0028,BALESTIER ROAD,1.32165077543504,103.853018243913,"(1.32165077543504, 103.853018243913)",5
CAR LOTS,F0006,FLANDERS SQUARE,1.3118856914774,103.857225669622,"(1.3118856914774, 103.857225669622)",12
CAR LOTS,S0136,SERVICE ROAD OFF ZION ROAD,1.29332679907832,103.830905360544,"(1.29332679907832, 103.830905360544)",26
CAR LOTS,B0094,BERNAM STREET,1.27355900239017,103.843530146229,"(1.27355900239017, 103.843530146229)",9
CAR LOTS,W0001,WALLICH STREET,1.27683690716363,103.84449321635,"(1.27683690716363, 103.84449321635)",9
CAR LOTS,N0005,NEW INDUSTRIAL ROAD,1.34245675407371,103.885354788135,"(1.34245675407371, 103.885354788135)",12
CAR LOTS,L0051,LORONG 39 GEYLANG,1.3150327657696,103.890874136159,"(1.3150327657696, 103.890874136159)",19
CAR LOTS,L0050,LORONG 38 GEYLANG,1.31348934959066,103.888974852316,"(1.31348934959066, 103.888974852316)",5
CAR LOTS,D0001,DEVONSHIRE ROAD,1.29816283461687,103.837885369862,"(1.29816283461687, 103.837885369862)",9
CAR LOTS,M0049,MINBU ROAD,1.32349682321601,103.849947172936,"(1.32349682321601, 103.849947172936)",3
CAR LOTS,S0040,SECOND CHIN BEE ROAD,1.33266599925556,103.714246884268,"(1.33266599925556, 103.714246884268)",8
CAR LOTS,K0013,KITCHENER ROAD,1.30789680379871,103.859409917803,"(1.30789680379871, 103.859409917803)",8
CAR LOTS,U0014,UBI ROAD 2,1.33275349268094,103.895232090518,"(1.33275349268094, 103.895232090518)",36
CAR LOTS,L0099,LORONG 105 CHANGI,1.31554538318657,103.902831858809,"(1.31554538318657, 103.902831858809)",3
CAR LOTS,L0074,LORONG 21A GEYLANG,1.3149304618456,103.880527043684,"(1.3149304618456, 103.880527043684)",8
CAR LOTS,G0035,GUL STREET 4,1.31719477397589,103.665329129525,"(1.31719477397589, 103.665329129525)",10
CAR LOTS,L0021,LORONG 14 GEYLANG,1.31013261956074,103.879373724494,"(1.31013261956074, 103.879373724494)",52
CAR LOTS,S0032,SAUNDERS ROAD,1.30420225346712,103.838681624971,"(1.30420225346712, 103.838681624971)",18
CAR LOTS,T0068,TAGORE DRIVE,1.38662430826474,103.826061771587,"(1.38662430826474, 103.826061771587)",32
CAR LOTS,R0002,RACE COURSE ROAD,1.31315769076465,103.854899666502,"(1.31315769076465, 103.854899666502)",83
CAR LOTS,S0119,SHREWSBURY ROAD,1.31805907583128,103.847333420601,"(1.31805907583128, 103.847333420601)",12
CAR LOTS,C0058,CLEMENCEAU AVENUE,1.29738324596257,103.843890513779,"(1.29738324596257, 103.843890513779)",15
CAR LOTS,T0094,TUAS LANE,1.32852099232845,103.641776282353,"(1.32852099232845, 103.641776282353)",15
CAR LOTS,S0149,SERVICE ROAD OFF SIN MING ROAD,1.35213265290277,103.835709459536,"(1.35213265290277, 103.835709459536)",9
CAR LOTS,T0040,THIRD CHIN BEE ROAD,1.33198521640649,103.716188970971,"(1.33198521640649, 103.716188970971)",41
CAR LOTS,B0042,BENOI SECTOR,1.3195342375367,103.686425712954,"(1.3195342375367, 103.686425712954)",14
CAR LOTS,K0094,KELLOCK ROAD,1.29402610945992,103.829669485098,"(1.29402610945992, 103.829669485098)",28
CAR LOTS,J0057,JALAN DUSUN,1.3269767465125,103.843932031562,"(1.3269767465125, 103.843932031562)",24
CAR LOTS,C0132,CHANGI ROAD (BET JOO CHIAT ROAD / STILL ROAD),1.31681868505292,103.901470511211,"(1.31681868505292, 103.901470511211)",71
CAR LOTS,G0035,GUL STREET 4,1.31719477397589,103.665329129525,"(1.31719477397589, 103.665329129525)",10
CAR LOTS,M0001,MACKENZIE ROAD,1.30625921830908,103.847509722744,"(1.30625921830908, 103.847509722744)",9
CAR LOTS,E0011,EMERALD LINK,1.30204247001968,103.838815307847,"(1.30204247001968, 103.838815307847)",26
CAR LOTS,L0011,LINK ROAD,1.32769454966683,103.710987733363,"(1.32769454966683, 103.710987733363)",23
CAR LOTS,T0077,TUAS AVENUE 3,1.32064657517921,103.657265765032,"(1.32064657517921, 103.657265765032)",38
CAR LOTS,S0002,SEAH STREET,1.29583936362359,103.854989028362,"(1.29583936362359, 103.854989028362)",12
CAR LOTS,A0004,ALIWAL STREET,1.30141739963002,103.861521873101,"(1.30141739963002, 103.861521873101)",73
CAR LOTS,W0037,WOODLANDS LOOP,1.4474766891706,103.807822980224,"(1.4474766891706, 103.807822980224)",30
CAR LOTS,S0061,SEMBONG ROAD,1.44121367170786,103.822620541593,"(1.44121367170786, 103.822620541593)",3
CAR LOTS,U0013,UBI ROAD 1,1.32842578108647,103.892497992592,"(1.32842578108647, 103.892497992592)",26
CAR LOTS,S0130,SERVICE ROAD OFF GENTING LANE,1.32310656071114,103.877837840368,"(1.32310656071114, 103.877837840368)",9
CAR LOTS,R0028,RUBY LANE,1.32727079097143,103.866868030149,"(1.32727079097143, 103.866868030149)",19
CAR LOTS,W0005,WILKINSON ROAD,1.30224202593063,103.885730913212,"(1.30224202593063, 103.885730913212)",10
CAR LOTS,U0039,UBI CRESCENT,1.32636791690684,103.894052539033,"(1.32636791690684, 103.894052539033)",17
CAR LOTS,L0035,LORONG 25 GEYLANG,1.31343357710748,103.882884236109,"(1.31343357710748, 103.882884236109)",40
CAR LOTS,K0115,KAKI BUKIT PLACE,1.33405128451732,103.903169677308,"(1.33405128451732, 103.903169677308)",24
CAR LOTS,L0057,LORONG 39 SERVICE ROAD GEYLANG,1.31589101893292,103.890258229299,"(1.31589101893292, 103.890258229299)",5
CAR LOTS,N0003,NORTH BRIDGE ROAD (ARAB STREET / JALAN SULTAN),1.30256168414594,103.858729798439,"(1.30256168414594, 103.858729798439)",36
CAR LOTS,S0021,SYED ALWI ROAD (JALAN BESAR / SERANGOON ROAD),1.30636268011727,103.859252852106,"(1.30636268011727, 103.859252852106)",60
CAR LOTS,J0008,JALAN KLEDEK,1.30326668690516,103.85909968121,"(1.30326668690516, 103.85909968121)",8
CAR LOTS,T0021,TYRWHITT ROAD,1.30983036967636,103.858896042664,"(1.30983036967636, 103.858896042664)",42
CAR LOTS,S0150,SULTAN GATE / ALIWAL STREET OFF STREET  (EPS),1.30223732458777,103.860632373182,"(1.30223732458777, 103.860632373182)",56
CAR LOTS,L0004,LORONG 4 GEYLANG,1.30945772765764,103.876179835546,"(1.30945772765764, 103.876179835546)",21
CAR LOTS,G0030,GUL CRESCENT,1.30936752670547,103.665569921156,"(1.30936752670547, 103.665569921156)",8
CAR LOTS,J0006,JALAN KLAPA,1.3039548467002,103.8599851454,"(1.3039548467002, 103.8599851454)",18
CAR LOTS,J0047,JALAN LEMBAH KALLANG,1.31467315790233,103.863282105473,"(1.31467315790233, 103.863282105473)",8
CAR LOTS,S0065,SANDOWN PLACE,1.36515362034624,103.864763077776,"(1.36515362034624, 103.864763077776)",4
CAR LOTS,M0005,MAYO STREET,1.30377933999902,103.854095792727,"(1.30377933999902, 103.854095792727)",39
CAR LOTS,K0009,KERBAU ROAD,1.30670576796257,103.851596510902,"(1.30670576796257, 103.851596510902)",14
CAR LOTS,J0015,JALAN BINCHANG,1.35201395896862,103.845511734237,"(1.35201395896862, 103.845511734237)",5
CAR LOTS,L0008,LORONG KILAT,1.34097256387411,103.774400772202,"(1.34097256387411, 103.774400772202)",28
CAR LOTS,M0068,MACKENZIE ROAD C OFF STREET,1.30516766852508,103.84837599573,"(1.30516766852508, 103.84837599573)",6
CAR LOTS,D0004,DICKSON ROAD,1.30480776962545,103.854675362849,"(1.30480776962545, 103.854675362849)",43
CAR LOTS,W0038,WOODLANDS TERRACE,1.4504834308526,103.805207823017,"(1.4504834308526, 103.805207823017)",44
CAR LOTS,M0038,MAJU AVENUE,1.36463494782652,103.865627275387,"(1.36463494782652, 103.865627275387)",43
CAR LOTS,K0005,KANDAHAR STREET,1.30157921229698,103.860193375424,"(1.30157921229698, 103.860193375424)",56
CAR LOTS,P0086,PANDAN LOOP,1.31078713232514,103.753890009522,"(1.31078713232514, 103.753890009522)",57
CAR LOTS,E0009,EMERALD HILL ROAD,1.30201771956264,103.839128982019,"(1.30201771956264, 103.839128982019)",32
CAR LOTS,S0066,SOMME ROAD,1.31105614029654,103.858250558262,"(1.31105614029654, 103.858250558262)",13
CAR LOTS,J0058,JALAN KEMAMAN,1.32657624218887,103.850518771135,"(1.32657624218887, 103.850518771135)",16
CAR LOTS,S0050,SIANG KUANG AVENUE,1.3290384515693,103.870041546155,"(1.3290384515693, 103.870041546155)",13
CAR LOTS,T0031,TALMA ROAD,1.31093283920136,103.877527899209,"(1.31093283920136, 103.877527899209)",15
CAR LOTS,J0020,JOO KOON ROAD,1.32551813530561,103.669086264665,"(1.32551813530561, 103.669086264665)",25
CAR LOTS,W0058,WOODLANDS INDUSTRIAL PARK E5,1.45038068669067,103.792155078312,"(1.45038068669067, 103.792155078312)",58
CAR LOTS,P0024,PRINCE OF WALES ROAD,1.32262148620283,103.808462599707,"(1.32262148620283, 103.808462599707)",23
CAR LOTS,U0007,UPPER DICKSON ROAD,1.30620379940326,103.852796782983,"(1.30620379940326, 103.852796782983)",16
CAR LOTS,T0088,TUAS AVENUE 18A,1.32168103053389,103.636202167612,"(1.32168103053389, 103.636202167612)",32
CAR LOTS,L0053,LORONG 41 GEYLANG,1.31513222118005,103.891427484356,"(1.31513222118005, 103.891427484356)",49
CAR LOTS,J0060,JALAN RAMA-RAMA,1.3266901745153,103.848668726361,"(1.3266901745153, 103.848668726361)",10
CAR LOTS,J0069,JOO AVENUE,1.3150917596602,103.85550259867,"(1.3150917596602, 103.85550259867)",28
CAR LOTS,S0148,SUNGEI KADUT CRESCENT,1.40896874855007,103.745035528682,"(1.40896874855007, 103.745035528682)",9
CAR LOTS,L0026,LORONG 19 GEYLANG,1.31283058129189,103.879309869869,"(1.31283058129189, 103.879309869869)",38
CAR LOTS,B0018,BUKIT PASOH ROAD,1.2784678627197,103.840975242597,"(1.2784678627197, 103.840975242597)",40
CAR LOTS,T0091,TUAS DRIVE 2,1.32285212887888,103.655346480979,"(1.32285212887888, 103.655346480979)",10
CAR LOTS,S0156,SIMS PLACE,1.31581509503749,103.878375618979,"(1.31581509503749, 103.878375618979)",41
CAR LOTS,J0008,JALAN KLEDEK,1.30326668690516,103.85909968121,"(1.30326668690516, 103.85909968121)",8
MYCYCLE LOTS,BL111,BACKLANE BET  MAYO STREET / DUNLOP STREET,1.30400479081354,103.853995508712,"(1.30400479081354, 103.853995508712)",11
CAR LOTS,D0006,DUXTON HILL OFF STREET,1.27893320155755,103.843183287847,"(1.27893320155755, 103.843183287847)",59
MYCYCLE LOTS,E0010,EUNOS ROAD 7 / EUNOS AVENUE 6  HVP,1.32263295280664,103.892602469991,"(1.32263295280664, 103.892602469991)",63
CAR LOTS,T0006,TECK LIM ROAD,1.2800921623255,103.84195791464,"(1.2800921623255, 103.84195791464)",14
CAR LOTS,J0039,JALAN RUMIA,1.31110233230829,103.797132838061,"(1.31110233230829, 103.797132838061)",29
CAR LOTS,C0162,CLEMENCEAU AVENUE OFF STREET,1.29382355571837,103.844718246573,"(1.29382355571837, 103.844718246573)",36
CAR LOTS,L0085,LOYANG WAY,1.37034891776297,103.968721323801,"(1.37034891776297, 103.968721323801)",91
CAR LOTS,S0043,SIXTH AVENUE,1.33091854824717,103.795085140478,"(1.33091854824717, 103.795085140478)",21
CAR LOTS,J0043,JALAN PUTEH JERNEH,1.30906688966333,103.798514403781,"(1.30906688966333, 103.798514403781)",4
CAR LOTS,L0081,LORONG AMPAS,1.32610695467896,103.853059757222,"(1.32610695467896, 103.853059757222)",6
CAR LOTS,I0006,IRVING PLACE,1.33589879560057,103.886065976744,"(1.33589879560057, 103.886065976744)",21
CAR LOTS,T0043,TAMAN MAS MERAH,1.30842067292529,103.763058060236,"(1.30842067292529, 103.763058060236)",13
CAR LOTS,L0003,LIANG SEAH STREET,1.2975375544307,103.856804955439,"(1.2975375544307, 103.856804955439)",60
CAR LOTS,T0142,TUAS BASIN CLOSE,1.31266064066227,103.653502201943,"(1.31266064066227, 103.653502201943)",5
CAR LOTS,T0022,TOWNSHEND ROAD,1.3071125139527,103.85784324102,"(1.3071125139527, 103.85784324102)",18
CAR LOTS,J0033,JALAN TUKANG,1.32558687274219,103.709768110867,"(1.32558687274219, 103.709768110867)",37
CAR LOTS,S0045,SING AVENUE,1.3150066720172,103.854418615609,"(1.3150066720172, 103.854418615609)",17
CAR LOTS,M0039,MAJU AVENUE SERVICE ROAD,1.36520077713875,103.865538218622,"(1.36520077713875, 103.865538218622)",3
CAR LOTS,J0038,JALAN MERAH SAGA,1.3116501719701,103.799116027528,"(1.3116501719701, 103.799116027528)",26
CAR LOTS,A0007,ANGULLIA PARK OFF STREET,1.30465666464074,103.829747204851,"(1.30465666464074, 103.829747204851)",351
CAR LOTS,P0038,PERAK ROAD,1.30505188889526,103.85363987964,"(1.30505188889526, 103.85363987964)",11
CAR LOTS,G0027,GUL AVENUE,1.31466717501021,103.66712666187,"(1.31466717501021, 103.66712666187)",48
CAR LOTS,S0105,SUNGEI KADUT WAY,1.40641579615221,103.751186431031,"(1.40641579615221, 103.751186431031)",56
CAR LOTS,J0098,JALAN MESIN,1.33304850568567,103.882815777031,"(1.33304850568567, 103.882815777031)",8
CAR LOTS,O0008,OLD AIRPORT ROAD,1.30687064464625,103.883601856714,"(1.30687064464625, 103.883601856714)",20
CAR LOTS,C0028,CUFF ROAD,1.30685586806006,103.853480513376,"(1.30685586806006, 103.853480513376)",40
CAR LOTS,S0146,SERVICE ROAD OFF QUALITY ROAD,1.33337120006656,103.7107789701,"(1.33337120006656, 103.7107789701)",47
CAR LOTS,T0033,TECK CHYE TERRACE,1.35310187199377,103.876599727689,"(1.35310187199377, 103.876599727689)",24
CAR LOTS,Y0002,YAN KIT ROAD,1.27514366608831,103.841756129116,"(1.27514366608831, 103.841756129116)",17
CAR LOTS,G0021,GENTING ROAD,1.32686429796077,103.877014892753,"(1.32686429796077, 103.877014892753)",26
CAR LOTS,U0037,UBI ROAD 4,1.33087563750327,103.899061588357,"(1.33087563750327, 103.899061588357)",17
CAR LOTS,E0037,EAST COAST ROAD (BET SIGLAP ROAD / JALAN JAMAL),1.31216146906844,103.924618570955,"(1.31216146906844, 103.924618570955)",5
CAR LOTS,J0018,JIAK CHUAN ROAD,1.27967922406699,103.841625877457,"(1.27967922406699, 103.841625877457)",14
CAR LOTS,L0109,LOYANG WAY 1,1.37454552206349,103.972387933743,"(1.37454552206349, 103.972387933743)",10
CAR LOTS,H0021,HILLVIEW TERRACE,1.35267170057791,103.757658541771,"(1.35267170057791, 103.757658541771)",10
CAR LOTS,T0145,TEBING LANE,1.39213882648152,103.915857777852,"(1.39213882648152, 103.915857777852)",10
CAR LOTS,C0057,CASUARINA ROAD,1.37668436887503,103.828018624051,"(1.37668436887503, 103.828018624051)",16
CAR LOTS,L0082,LORONG SARINA,1.31853353333669,103.907854001857,"(1.31853353333669, 103.907854001857)",8
CAR LOTS,H0037,HORNE ROAD,1.30857591657932,103.862352068224,"(1.30857591657932, 103.862352068224)",41
CAR LOTS,U0008,UPPER WELD ROAD,1.30550991661993,103.854880495345,"(1.30550991661993, 103.854880495345)",59
CAR LOTS,L0045,LORONG 33 GEYLANG,1.31441823510281,103.887943232659,"(1.31441823510281, 103.887943232659)",11
CAR LOTS,K0113,KIM YAM ROAD,1.29236854576644,103.840537597668,"(1.29236854576644, 103.840537597668)",28
CAR LOTS,P0010,PERUMAL ROAD,1.31252757955756,103.85568033879,"(1.31252757955756, 103.85568033879)",8
CAR LOTS,J0130,JOO CHIAT TERRACE (JOO CHIAT RD / TEMBELING RD),1.31422313774325,103.899221978048,"(1.31422313774325, 103.899221978048)",14
CAR LOTS,T0065,TAGORE ROAD,1.38240795735428,103.826721384357,"(1.38240795735428, 103.826721384357)",61
CAR LOTS,A0028,ALJUNIED ROAD (MINOR),1.32537432856774,103.879742895713,"(1.32537432856774, 103.879742895713)",19
CAR LOTS,S0082,SIXTH LOK YANG ROAD,1.32413335274084,103.684143135813,"(1.32413335274084, 103.684143135813)",18
CAR LOTS,S0088,SUNGEI KADUT STREET 3,1.41648091237256,103.745730880798,"(1.41648091237256, 103.745730880798)",20
CAR LOTS,G0039,GUILLEMARD ROAD,1.31423620819933,103.893313864286,"(1.31423620819933, 103.893313864286)",8
CAR LOTS,C0122,CHANGI VILLAGE ROAD,1.38672977498524,103.987329803223,"(1.38672977498524, 103.987329803223)",50
CAR LOTS,J0123,JALAN PEMIMPIN,1.34835210143954,103.840581119859,"(1.34835210143954, 103.840581119859)",21
CAR LOTS,A0005,ALLENBY ROAD,1.31027180892666,103.859170676826,"(1.31027180892666, 103.859170676826)",29
CAR LOTS,U0038,UPPER THOMSON ROAD (LAKEVIEW ESTATE),1.34970190920419,103.83486537772,"(1.34970190920419, 103.83486537772)",12
CAR LOTS,B0025,BALI LANE,1.30094169565347,103.85855097442,"(1.30094169565347, 103.85855097442)",6
CAR LOTS,Y0013,YISHUN INDUSTRIAL PARK A,1.44197954952468,103.831524444882,"(1.44197954952468, 103.831524444882)",84
CAR LOTS,W0035,WOODLANDS WALK,1.45155793673197,103.803177419432,"(1.45155793673197, 103.803177419432)",22
CAR LOTS,P0011,PETAIN ROAD (SERANGOON ROAD / JALAN BESAR),1.31159564527934,103.858969382165,"(1.31159564527934, 103.858969382165)",62
CAR LOTS,A0057,AROOZOO AVENUE,1.35486862894992,103.884092437422,"(1.35486862894992, 103.884092437422)",9
CAR LOTS,T0114,TEMBELING ROAD,1.30688057878405,103.905514424395,"(1.30688057878405, 103.905514424395)",54
CAR LOTS,C0135,CRANE ROAD,1.31279843699224,103.899354785806,"(1.31279843699224, 103.899354785806)",4
CAR LOTS,Z0004,ZION CLOSE,1.29306428826017,103.83015570044,"(1.29306428826017, 103.83015570044)",8
CAR LOTS,C0159,CHANGI NORTH STREET 1,1.34948555969539,103.970379820112,"(1.34948555969539, 103.970379820112)",14
CAR LOTS,S0074,SIN MING DRIVE,1.35734745662665,103.836613531369,"(1.35734745662665, 103.836613531369)",22
CAR LOTS,U0044,UBI VIEW,1.33164619668546,103.896222428625,"(1.33164619668546, 103.896222428625)",18
CAR LOTS,L0125,LORNG 31 GEYLANG OFF STREET (EPS),1.31492301964347,103.88707125934,"(1.31492301964347, 103.88707125934)",72
CAR LOTS,L0014,LORONG 7 GEYLANG,1.3120285407651,103.875984602071,"(1.3120285407651, 103.875984602071)",15
CAR LOTS,S0083,SUNGEI KADUT AVENUE,1.40839149112612,103.75075157305,"(1.40839149112612, 103.75075157305)",7
CAR LOTS,T0010,TEO HONG ROAD,1.27956580339835,103.840655034813,"(1.27956580339835, 103.840655034813)",17
CAR LOTS,S0162,SERVICE ROAD OFF TEBING LANE,1.39279722333963,103.916276771749,"(1.39279722333963, 103.916276771749)",22
CAR LOTS,T0005,TAN QUEE LAN STREET,1.29791456150138,103.857187200515,"(1.29791456150138, 103.857187200515)",89
CAR LOTS,T0111,TUAS LINK 2,1.33571911626376,103.638487964462,"(1.33571911626376, 103.638487964462)",11
CAR LOTS,V0005,VERDUN ROAD,1.30962558108282,103.855772104267,"(1.30962558108282, 103.855772104267)",6
CAR LOTS,G0040,GEMMILL LANE,1.28229516012831,103.847241753243,"(1.28229516012831, 103.847241753243)",7
CAR LOTS,S0094,SENOKO WAY,1.46655792166662,103.812199123841,"(1.46655792166662, 103.812199123841)",31
CAR LOTS,C0120,CHIA PING ROAD,1.32831164362498,103.718177199611,"(1.32831164362498, 103.718177199611)",18
CAR LOTS,K0061,KALLANG BAHRU,1.31853857847391,103.865994319615,"(1.31853857847391, 103.865994319615)",5
CAR LOTS,E0022,EVERTON ROAD,1.27656792874079,103.837285049677,"(1.27656792874079, 103.837285049677)",13
CAR LOTS,L0025,LORONG 18 GEYLANG,1.31143667785928,103.880718927043,"(1.31143667785928, 103.880718927043)",8
CAR LOTS,U0012,UPPER PAYA LEBAR ROAD SERVICE ROAD,1.34648680235593,103.880579259503,"(1.34648680235593, 103.880579259503)",11
CAR LOTS,G0002,GEYLANG ROAD,1.31074764344368,103.873133823553,"(1.31074764344368, 103.873133823553)",234
CAR LOTS,M0055,MOONSTONE LANE,1.32676458897366,103.866286414215,"(1.32676458897366, 103.866286414215)",29
CAR LOTS,A0008,ANN SIANG ROAD,1.28052249419229,103.84610597528,"(1.28052249419229, 103.84610597528)",26
CAR LOTS,M0055,MOONSTONE LANE,1.32676458897366,103.866286414215,"(1.32676458897366, 103.866286414215)",29
CAR LOTS,J0042,JALAN KUNING,1.30937458364288,103.799051487839,"(1.30937458364288, 103.799051487839)",4
CAR LOTS,S0160,SIN MING WALK,1.36508085326654,103.831609407916,"(1.36508085326654, 103.831609407916)",17
CAR LOTS,L0018,LORONG 11 GEYLANG,1.31246697608388,103.877161123075,"(1.31246697608388, 103.877161123075)",22
CAR LOTS,J0102,JOO CHIAT ROAD (CHANGI ROAD / EAST COAST ROAD),1.30672308863883,103.904304397389,"(1.30672308863883, 103.904304397389)",123
CAR LOTS,J0088,JOO SENG ROAD,1.33779868477099,103.882693482105,"(1.33779868477099, 103.882693482105)",20
CAR LOTS,C0161,CHANGI SOUTH LANE,1.33169097977415,103.952213569467,"(1.33169097977415, 103.952213569467)",9
CAR LOTS,L0118,LORONG 36 GEYLANG OFF STREET (L0118),1.31316091957974,103.88853684272,"(1.31316091957974, 103.88853684272)",11
CAR LOTS,G0038,GUL ROAD,1.29363728518831,103.672102887469,"(1.29363728518831, 103.672102887469)",245
CAR LOTS,E0035,EVERITT ROAD,1.31132051603392,103.903711979839,"(1.31132051603392, 103.903711979839)",23
CAR LOTS,G0028,GUL DRIVE,1.31687602295348,103.666036941851,"(1.31687602295348, 103.666036941851)",38
CAR LOTS,K0006,KAKI BUKIT ROAD 1,1.33394438842397,103.902639221346,"(1.33394438842397, 103.902639221346)",25
CAR LOTS,P0116,PRINCE PHILIP AVENUE,1.29143145052827,103.82287717362,"(1.29143145052827, 103.82287717362)",60
CAR LOTS,L0113,LORONG 3 GEYLANG,1.31154765343772,103.874515724406,"(1.31154765343772, 103.874515724406)",4
CAR LOTS,F0021,FIRST LOK YANG ROAD,1.32389097565038,103.693501855558,"(1.32389097565038, 103.693501855558)",44
CAR LOTS,S0159,SERVICE ROAD OFF BALESTIER ROAD,1.32669888445179,103.842969612878,"(1.32669888445179, 103.842969612878)",10
MYCYCLE LOTS,BL033,BACKLANE OFF TECK LIM ROAD,1.27944275105152,103.841800983743,"(1.27944275105152, 103.841800983743)",12
CAR LOTS,S0039,SIMS AVENUE SERVICE ROAD,1.31421298405772,103.876985337844,"(1.31421298405772, 103.876985337844)",16
CAR LOTS,J0022,JALAN PINANG,1.30248769006152,103.858627533301,"(1.30248769006152, 103.858627533301)",10
CAR LOTS,S0019,SUNGEI ROAD (WELD ROAD / KELANTAN ROAD),1.30460512707578,103.856378297396,"(1.30460512707578, 103.856378297396)",12
CAR LOTS,L0077,LENG KEE ROAD,1.2903067753454,103.814605044584,"(1.2903067753454, 103.814605044584)",25
CAR LOTS,K0051,KENSINGTON PARK ROAD SERVICE RAOD,1.36446138400715,103.866096529658,"(1.36446138400715, 103.866096529658)",35
CAR LOTS,T0081,TUAS AVENUE 9,1.32579164873265,103.647158776663,"(1.32579164873265, 103.647158776663)",19
CAR LOTS,P0078,PANDAN CRESCENT,1.30554214794289,103.757425715453,"(1.30554214794289, 103.757425715453)",2
CAR LOTS,L0079,LORONG MARZUKI,1.31869559784994,103.909640744565,"(1.31869559784994, 103.909640744565)",16
CAR LOTS,L0097,LORONG 102 CHANGI,1.31559793517008,103.900923807492,"(1.31559793517008, 103.900923807492)",3
CAR LOTS,O0007,OWEN ROAD / DOREST ROAD/ CAMBRIDGE ROAD,1.3156536366356,103.851159929606,"(1.3156536366356, 103.851159929606)",23
CAR LOTS,J0097,JALAN KUBOR (VICTORIA STREET / ROCHOR CANAL ROAD),1.30449351795957,103.858946044925,"(1.30449351795957, 103.858946044925)",30
CAR LOTS,J0111,JALAN LAPANG,1.32247196246429,103.913856062354,"(1.32247196246429, 103.913856062354)",6
CAR LOTS,J0109,JALAN UBI,1.31780878131423,103.900365551644,"(1.31780878131423, 103.900365551644)",5
CAR LOTS,T0067,TAGORE LANE,1.38269400102039,103.826273005339,"(1.38269400102039, 103.826273005339)",133
CAR LOTS,S0102,SPOTTISWOODE PARK ROAD,1.2766690452123,103.837066353153,"(1.2766690452123, 103.837066353153)",10
CAR LOTS,L0022,LORONG 15 GEYLANG,1.31261230962775,103.878454391326,"(1.31261230962775, 103.878454391326)",26
CAR LOTS,S0075,SCIENCE CENTRE ROAD,1.33019716514652,103.739042403883,"(1.33019716514652, 103.739042403883)",49
CAR LOTS,R0039,RANGOON LANE,1.31656681540966,103.853933806613,"(1.31656681540966, 103.853933806613)",3
CAR LOTS,J0041,JALAN HITAM MANIS,1.30839248076142,103.79852709249,"(1.30839248076142, 103.79852709249)",18
CAR LOTS,E0017,EAST COAST ROAD (HAIG ROAD / TELOK KURAU ROAD),1.3029903937324,103.902757526852,"(1.3029903937324, 103.902757526852)",89
CAR LOTS,U0030,UBI AVENUE 1,1.32500701963542,103.893025978663,"(1.32500701963542, 103.893025978663)",4
CAR LOTS,W0034,WOODLANDS SECTOR 1,1.45264048985313,103.805500137667,"(1.45264048985313, 103.805500137667)",47
CAR LOTS,S0135,SIMS AVENUE (PAYA LEBAR ROAD / EUNOS ROAD),1.31782110387704,103.898376869555,"(1.31782110387704, 103.898376869555)",20
CAR LOTS,R0036,RACE COURSE ROAD (BET BUKIT TIMAH ROAD / RANGOON ROAD),1.30786174904612,103.850520206402,"(1.30786174904612, 103.850520206402)",41
CAR LOTS,S0076,SECOND LOK YANG ROAD,1.32493394518236,103.691582722702,"(1.32493394518236, 103.691582722702)",22
CAR LOTS,W0021,WISHART ROAD,1.26906264226555,103.814827262397,"(1.26906264226555, 103.814827262397)",39
CAR LOTS,T0144,TEO HONG RD / NEW BRIDGE ROAD OFF STREET,1.28055684781386,103.840753156197,"(1.28055684781386, 103.840753156197)",31
CAR LOTS,T0144,TEO HONG RD / NEW BRIDGE ROAD OFF STREET,1.28055684781386,103.840753156197,"(1.28055684781386, 103.840753156197)",31
CAR LOTS,Q0002,QUEEN STREET (ARAB STREET / ROCHOR ROAD),1.3027933896962,103.85628609101,"(1.3027933896962, 103.85628609101)",34
CAR LOTS,R0010,RIVER VALLEY ROAD (BET. TANK RD / ZION RD),1.29419858764111,103.841997762092,"(1.29419858764111, 103.841997762092)",3
CAR LOTS,J0021,JOO KOON WAY,1.32491987051309,103.6698029392,"(1.32491987051309, 103.6698029392)",22
CAR LOTS,L0036,LORONG 25A GEYLANG,1.31345911732751,103.883061918478,"(1.31345911732751, 103.883061918478)",38
CAR LOTS,N0047,NEIL ROAD,1.27916276162218,103.842025926346,"(1.27916276162218, 103.842025926346)",7
CAR LOTS,H0052,HARRISON ROAD,1.33483754017957,103.884465687689,"(1.33483754017957, 103.884465687689)",6
CAR LOTS,K0097,KAMPONG AMPAT,1.33407558992205,103.882880122534,"(1.33407558992205, 103.882880122534)",14
CAR LOTS,H0049,HARVEY ROAD,1.332985335507,103.884589691582,"(1.332985335507, 103.884589691582)",8
CAR LOTS,J0104,JOO CHIAT PLACE,1.3132808907287,103.900035349687,"(1.3132808907287, 103.900035349687)",53
CAR LOTS,S0115,SERVICE ROAD  OFF HAMILTON ROAD / CAVAN ROAD,1.31148691697787,103.861731566485,"(1.31148691697787, 103.861731566485)",10
CAR LOTS,W0047,WOODLANDS INDUSTRIAL PARK E3,1.45255383874476,103.794765804587,"(1.45255383874476, 103.794765804587)",71
CAR LOTS,L0019,LORONG 12 GEYLANG,1.30988695763065,103.878555127293,"(1.30988695763065, 103.878555127293)",26
CAR LOTS,B0090,BENOI ROAD,1.30152728578247,103.677823059545,"(1.30152728578247, 103.677823059545)",54
CAR LOTS,F0026,FIFTH LOK YANG ROAD,1.32497431711419,103.686072196135,"(1.32497431711419, 103.686072196135)",14
CAR LOTS,O0027,ONAN ROAD,1.30677069687282,103.903447537377,"(1.30677069687282, 103.903447537377)",60
CAR LOTS,L0083,LORONG MARICAN,1.31858667664995,103.909069109264,"(1.31858667664995, 103.909069109264)",10
CAR LOTS,P0018,PURVIS STREET,1.29598670414723,103.85575686561,"(1.29598670414723, 103.85575686561)",50
CAR LOTS,K0091,KAKI BUKIT ROAD 2,1.33658079209265,103.899667761955,"(1.33658079209265, 103.899667761955)",38
CAR LOTS,S0007,STARLIGHT ROAD / TERRACE,1.31350017951022,103.853889284389,"(1.31350017951022, 103.853889284389)",16
CAR LOTS,J0070,JALAN ANGGEREK,1.32878754761953,103.881350059087,"(1.32878754761953, 103.881350059087)",21
CAR LOTS,S0110,SERVICE ROAD OFF ONAN ROAD,1.3143263314368,103.898248768958,"(1.3143263314368, 103.898248768958)",12
CAR LOTS,L0027,LORONG 20 GEYLANG,1.31050596269236,103.881394337617,"(1.31050596269236, 103.881394337617)",8
CAR LOTS,H0007,HULLET ROAD,1.30346689836727,103.838150594274,"(1.30346689836727, 103.838150594274)",4
CAR LOTS,W0036,WOODLANDS LINK,1.45025822536365,103.807947195989,"(1.45025822536365, 103.807947195989)",35
CAR LOTS,K0114,KAMPONG BUGIS,1.30644841550609,103.865977921529,"(1.30644841550609, 103.865977921529)",21
CAR LOTS,J0006,JALAN KLAPA,1.3039548467002,103.8599851454,"(1.3039548467002, 103.8599851454)",18
CAR LOTS,T0061,THIRD LOK YANG ROAD,1.3248164822132,103.689757718244,"(1.3248164822132, 103.689757718244)",30
CAR LOTS,B0033,BOON TECK ROAD,1.32616467058244,103.849421338748,"(1.32616467058244, 103.849421338748)",6
CAR LOTS,L0016,LORONG 9 GEYLANG,1.31234141107383,103.876560654646,"(1.31234141107383, 103.876560654646)",12
CAR LOTS,L0016,LORONG 9 GEYLANG,1.31234141107383,103.876560654646,"(1.31234141107383, 103.876560654646)",12
CAR LOTS,C0128,CHANGI SOUTH AVENUE 4,1.33482234983503,103.971008641053,"(1.33482234983503, 103.971008641053)",34
CAR LOTS,L0009,LORONG TELOK,1.28632855248473,103.848500648704,"(1.28632855248473, 103.848500648704)",34
CAR LOTS,L0023,LORONG 16 GEYLANG,1.31064990408457,103.880014308265,"(1.31064990408457, 103.880014308265)",12
CAR LOTS,Q0004,QUALITY ROAD,1.32618876130066,103.710999282755,"(1.32618876130066, 103.710999282755)",30
CAR LOTS,C0104,CAVAN ROAD,1.31060051978571,103.86113475485,"(1.31060051978571, 103.86113475485)",13
CAR LOTS,S0134,SOMMERVILLE WALK,1.34336191516868,103.870107359974,"(1.34336191516868, 103.870107359974)",8
CAR LOTS,W0046,WOODLANDS INDUSTRIAL PARK E1,1.452921250179,103.794990075949,"(1.452921250179, 103.794990075949)",39
CAR LOTS,U0002,UPPER CIRCULAR ROAD,1.28845007963346,103.848462196501,"(1.28845007963346, 103.848462196501)",22
CAR LOTS,B0067,BURN ROAD,1.33512731926668,103.885956327335,"(1.33512731926668, 103.885956327335)",15
CAR LOTS,C0045,CHIN BEE DRIVE,1.33566251016357,103.712360237539,"(1.33566251016357, 103.712360237539)",29
CAR LOTS,J0093,JOO KOON CRESCENT,1.3284268109756,103.670180580402,"(1.3284268109756, 103.670180580402)",24
CAR LOTS,A0010,ARAB STREET,1.30045978841341,103.859715944121,"(1.30045978841341, 103.859715944121)",105
CAR LOTS,T0084,TUAS AVENUE 13,1.3214396758969,103.641398913334,"(1.3214396758969, 103.641398913334)",16
CAR LOTS,J0075,JAGO CLOSE,1.30659941727289,103.908221754372,"(1.30659941727289, 103.908221754372)",5
CAR LOTS,T0123,TUAS SOUTH STREET 2,1.30637991066855,103.633974835924,"(1.30637991066855, 103.633974835924)",25
CAR LOTS,P0099,PIONEER SECTOR WALK,1.29508140119858,103.66645683184,"(1.29508140119858, 103.66645683184)",29
CAR LOTS,Z0003,ZION ROAD,1.2924595080713,103.830353499118,"(1.2924595080713, 103.830353499118)",26
CAR LOTS,M0074,MAKEWAY AVENUE,1.31202266446891,103.841878421073,"(1.31202266446891, 103.841878421073)",11
CAR LOTS,K0065,KALLANG WAY 1,1.32149125643867,103.876467146277,"(1.32149125643867, 103.876467146277)",7
CAR LOTS,C0063,CHENG YAN PLACE,1.30006654298729,103.854524302714,"(1.30006654298729, 103.854524302714)",19
CAR LOTS,S0097,SENOKO AVENUE,1.465980454216,103.811023103816,"(1.465980454216, 103.811023103816)",30
CAR LOTS,U0017,UPPER HOKKIEN STREET,1.28514869523926,103.846603216882,"(1.28514869523926, 103.846603216882)",46
CAR LOTS,O0026,OPAL CRESCENT,1.32741826199083,103.867594549512,"(1.32741826199083, 103.867594549512)",48
CAR LOTS,S0096,SENOKO DRIVE,1.4631469182855,103.803815742061,"(1.4631469182855, 103.803815742061)",40
MYCYCLE LOTS,BL076,BACKLANE BET CRAIG ROAD / DUXTON ROAD,1.27753390986179,103.843279819548,"(1.27753390986179, 103.843279819548)",20
CAR LOTS,L0032,LORONG 23 GEYLANG,1.3131575547712,103.881478053939,"(1.3131575547712, 103.881478053939)",63
CAR LOTS,M0020,MAUDE ROAD,1.30741592576005,103.858995171146,"(1.30741592576005, 103.858995171146)",31
CAR LOTS,G0032,GUL STREET 1,1.31741140756438,103.668808289669,"(1.31741140756438, 103.668808289669)",4
CAR LOTS,S0078,SOON WING ROAD,1.32677949532651,103.879269230123,"(1.32677949532651, 103.879269230123)",10
CAR LOTS,C0136,CEYLON LANE,1.31113783162029,103.900512074357,"(1.31113783162029, 103.900512074357)",6
CAR LOTS,L0046,LORONG 34 GEYLANG,1.31187999890816,103.888040904643,"(1.31187999890816, 103.888040904643)",24
CAR LOTS,P0111,PAHANG STREET OFF STREET (EPS),1.30165125740397,103.86079607378,"(1.30165125740397, 103.86079607378)",32
CAR LOTS,S0009,SHORT STREET,1.3019269032257,103.850288999976,"(1.3019269032257, 103.850288999976)",18
CAR LOTS,A0048,ANG MO KIO STREET 63,1.3841598359722,103.847905029866,"(1.3841598359722, 103.847905029866)",55
CAR LOTS,B0029,BHAMO ROAD,1.32444661469643,103.849439915144,"(1.32444661469643, 103.849439915144)",9
CAR LOTS,E0033,EAST COAST ROAD (FRANKEL AVENUE / SIGLAP ROAD),1.31185633877715,103.922217605209,"(1.31185633877715, 103.922217605209)",20
CAR LOTS,L0044,LORONG 32 GEYLANG,1.3116973927486,103.886986297356,"(1.3116973927486, 103.886986297356)",30
CAR LOTS,E0034,EVERITT ROAD NORTH,1.31537363160829,103.901601461692,"(1.31537363160829, 103.901601461692)",19
CAR LOTS,J0029,JALAN SULTAN,1.30183841973262,103.861968637321,"(1.30183841973262, 103.861968637321)",23
CAR LOTS,U0031,UPPER SERANGOON ROAD,1.3624128656217,103.887699086094,"(1.3624128656217, 103.887699086094)",18
CAR LOTS,N0014,NORTH CANAL ROAD,1.28598002790718,103.849019743118,"(1.28598002790718, 103.849019743118)",21
CAR LOTS,M0003,MARNE  ROAD,1.31270018028643,103.857043980768,"(1.31270018028643, 103.857043980768)",9
MYCYCLE LOTS,P0114,PASIR LABA ROAD TRAILER PARK,1.32819137818853,103.667539617702,"(1.32819137818853, 103.667539617702)",65
MYCYCLE LOTS,B0098,BAYFRONT AVENUE OFF STREET,1.27916985685752,103.857038941762,"(1.27916985685752, 103.857038941762)",421
CAR LOTS,L0005,LLOYD ROAD,1.29703811546068,103.840086371956,"(1.29703811546068, 103.840086371956)",14
CAR LOTS,J0117,JALAN BUSUT,1.31656902485915,103.72688319741,"(1.31656902485915, 103.72688319741)",12
CAR LOTS,L0098,LORONG 104 CHANGI,1.3161887416307,103.90207847559,"(1.3161887416307, 103.90207847559)",11
CAR LOTS,P0051,PENHAS ROAD,1.3090119028611,103.862253935609,"(1.3090119028611, 103.862253935609)",23
CAR LOTS,J0034,JALAN LEGUNDI,1.44091701070738,103.822274098592,"(1.44091701070738, 103.822274098592)",23
CAR LOTS,P0028,PROME ROAD,1.32538712309314,103.849581203565,"(1.32538712309314, 103.849581203565)",2
CAR LOTS,N0011,NORRIS ROAD,1.30796118137935,103.854177801554,"(1.30796118137935, 103.854177801554)",20
CAR LOTS,T0104,TAI SENG AVENUE,1.33688338920561,103.892395773196,"(1.33688338920561, 103.892395773196)",98
CAR LOTS,L0103,LANGSAT ROAD,1.31496138482378,103.900696133813,"(1.31496138482378, 103.900696133813)",5
MYCYCLE LOTS,BL141,BACKLANE BET TOWNSHEND ROAD / JALAN BESAR,1.30765360332461,103.858223448731,"(1.30765360332461, 103.858223448731)",8
CAR LOTS,T0113,TUAS LINK 4,1.33613359657517,103.640959962898,"(1.33613359657517, 103.640959962898)",9
CAR LOTS,S0011,SOPHIA ROAD,1.30170903429041,103.848786500019,"(1.30170903429041, 103.848786500019)",11
CAR LOTS,J0012,JALAN PISANG,1.30301014173147,103.858787629755,"(1.30301014173147, 103.858787629755)",6
CAR LOTS,M0077,MOHAMED SULTAN / RIVER VALLEY ROAD,1.29399849239887,103.841454724324,"(1.29399849239887, 103.841454724324)",18
CAR LOTS,T0076,TUAS AVENUE 1,1.32040635558731,103.658683126472,"(1.32040635558731, 103.658683126472)",10
MYCYCLE LOTS,BL109,BACKLANE BET PERAK ROAD / MADRAS STREET,1.3050074405149,103.853159276289,"(1.3050074405149, 103.853159276289)",5
CAR LOTS,C0039,CORONATION WALK,1.32312847508214,103.808945578674,"(1.32312847508214, 103.808945578674)",10
CAR LOTS,J0036,JALAN DERUM,1.44142219502902,103.823133627333,"(1.44142219502902, 103.823133627333)",2
CAR LOTS,S0103,STEVENS ROAD,1.31617907636514,103.826769623954,"(1.31617907636514, 103.826769623954)",9
CAR LOTS,C0158,CHANGI NORTH RISE,1.34810046403338,103.970034880786,"(1.34810046403338, 103.970034880786)",13
CAR LOTS,G0036,GUL STREET 5,1.316443335741,103.664127839635,"(1.316443335741, 103.664127839635)",9
CAR LOTS,K0010,KILLINEY ROAD,1.29797057425258,103.838624992775,"(1.29797057425258, 103.838624992775)",26
CAR LOTS,D0010,DUXTON ROAD,1.27789966049321,103.84301224285,"(1.27789966049321, 103.84301224285)",42
CAR LOTS,G0034,GUL STREET 3,1.31732875680415,103.666949377508,"(1.31732875680415, 103.666949377508)",17
CAR LOTS,L0043,LORONG 31 GEYLANG,1.31420020054195,103.887094837105,"(1.31420020054195, 103.887094837105)",17
CAR LOTS,S0143,SERVICE ROAD OFF LORONG 44 GEYLANG,1.31438831349185,103.89046576023,"(1.31438831349185, 103.89046576023)",5
CAR LOTS,K0064,KOVAN ROAD,1.35495022751751,103.877457740479,"(1.35495022751751, 103.877457740479)",46
CAR LOTS,L0048,LORONG 36 GEYLANG,1.31224197307837,103.888629141283,"(1.31224197307837, 103.888629141283)",14
CAR LOTS,J0132,JALAN PENJARA OFF STREET,1.29836144396834,103.807175323792,"(1.29836144396834, 103.807175323792)",48
CAR LOTS,T0130,TOA PAYOH WEST,1.33517904758375,103.842991596657,"(1.33517904758375, 103.842991596657)",66
CAR LOTS,J0050,JALAN MAS KUNING,1.30757576162812,103.763407469373,"(1.30757576162812, 103.763407469373)",24
CAR LOTS,J0127,JALAN PENJARA,1.29816660228946,103.806497073131,"(1.29816660228946, 103.806497073131)",14
CAR LOTS,P0023,PLUMER ROAD,1.30955353409001,103.858592974788,"(1.30955353409001, 103.858592974788)",11
CAR LOTS,T0021,TYRWHITT ROAD,1.30983036967636,103.858896042664,"(1.30983036967636, 103.858896042664)",42
CAR LOTS,R0001,RACE COURSE LANE,1.30935117028181,103.853371519604,"(1.30935117028181, 103.853371519604)",3
CAR LOTS,T0117,TUAS SOUTH AVENUE 1,1.31501117646797,103.627419843077,"(1.31501117646797, 103.627419843077)",73
CAR LOTS,B0029,BHAMO ROAD,1.32444661469643,103.849439915144,"(1.32444661469643, 103.849439915144)",9
CAR LOTS,K0008,KEONG SAIK ROAD,1.2789832875571,103.841518373282,"(1.2789832875571, 103.841518373282)",74
CAR LOTS,C0018,CIRCULAR ROAD,1.28599424018592,103.849423375484,"(1.28599424018592, 103.849423375484)",34
CAR LOTS,T0002,TANJONG PAGAR ROAD,1.27790432701767,103.843702767849,"(1.27790432701767, 103.843702767849)",25
CAR LOTS,T0025,TAI THONG CRESCENT,1.3284811730281,103.86986969108,"(1.3284811730281, 103.86986969108)",23
CAR LOTS,C0160,CHANGI NORTH STREET 2,1.35025296454204,103.96704687897,"(1.35025296454204, 103.96704687897)",9
CAR LOTS,J0003,JALAN BESAR,1.3105933383514,103.858576985643,"(1.3105933383514, 103.858576985643)",48
CAR LOTS,L0110,LOYANG STREET,1.37399253863771,103.968548252128,"(1.37399253863771, 103.968548252128)",18
CAR LOTS,T0146,TAI SENG  STREET,1.33564754047398,103.889755601635,"(1.33564754047398, 103.889755601635)",18
CAR LOTS,G0029,GUL LANE,1.31015395185762,103.665050345572,"(1.31015395185762, 103.665050345572)",21
CAR LOTS,J0001,JALAN BERSEH,1.30702833041187,103.857643107635,"(1.30702833041187, 103.857643107635)",34
CAR LOTS,K0027,KAMPONG KAPOR ROAD,1.30663907242214,103.853755809473,"(1.30663907242214, 103.853755809473)",50
CAR LOTS,A0054,ANCHORVALE STREET,1.39734119945933,103.88732533554,"(1.39734119945933, 103.88732533554)",66
CAR LOTS,O0004,OLD UPPER THOMSON ROAD,1.37700068095658,103.826863393594,"(1.37700068095658, 103.826863393594)",52
CAR LOTS,S0158,SERVICE ROAD OFF MACPHERSON ROAD,1.32856748221037,103.870154951225,"(1.32856748221037, 103.870154951225)",41
CAR LOTS,H0006,HINDOO ROAD,1.30807653228178,103.85448913944,"(1.30807653228178, 103.85448913944)",40
CAR LOTS,L0049,LORONG 37 GEYLANG,1.31480898987642,103.889772060565,"(1.31480898987642, 103.889772060565)",17
MYCYCLE LOTS,BL204,BACKLANE BET CLIVE STREET / MADRAS ST,1.30487692406628,103.852625051522,"(1.30487692406628, 103.852625051522)",11
MYCYCLE LOTS,BL137,BACKLANE OFF SAM LEONG ROAD,1.30914198197493,103.857330454775,"(1.30914198197493, 103.857330454775)",13
MYCYCLE LOTS,M0080,MARSHALL ROAD,1.30468620714285,103.902609789444,"(1.30468620714285, 103.902609789444)",44
CAR LOTS,K0054,KALLANG WAY,1.32545501058396,103.874233404475,"(1.32545501058396, 103.874233404475)",6
CAR LOTS,K0093,KAMPONG JAVA ROAD,1.31310196948697,103.840749862538,"(1.31310196948697, 103.840749862538)",27
CAR LOTS,C0129,CHANGI SOUTH STREET 1,1.33240108247967,103.967839072717,"(1.33240108247967, 103.967839072717)",65
CAR LOTS,L0042,LORONG 30 GEYLANG,1.31175773355983,103.886320077722,"(1.31175773355983, 103.886320077722)",24
CAR LOTS,K0081,KIM CHUAN ROAD,1.34068958138404,103.88799365843,"(1.34068958138404, 103.88799365843)",30
CAR LOTS,L0092,LITTLE ROAD,1.33817160224331,103.884869446559,"(1.33817160224331, 103.884869446559)",6
CAR LOTS,J0040,JALAN KELABU ASAP,1.31057275281978,103.797016182611,"(1.31057275281978, 103.797016182611)",18
CAR LOTS,T0082,,1.32100909014967,103.646071368494,"(1.32100909014967, 103.646071368494)",4
CAR LOTS,T0079,TUAS AVENUE 5,1.31877253481363,103.655289292947,"(1.31877253481363, 103.655289292947)",10
CAR LOTS,H0055,HAVELOCK ROAD,1.28890747818938,103.82891000505,"(1.28890747818938, 103.82891000505)",53
CAR LOTS,C0134,CIRCUIT ROAD,1.3232210284774,103.885082062764,"(1.3232210284774, 103.885082062764)",86
CAR LOTS,J0059,JALAN RAJA UDANG,1.32666507050989,103.842429055824,"(1.32666507050989, 103.842429055824)",16
CAR LOTS,N0016,NEYTHAL ROAD,1.32458338670244,103.700962208221,"(1.32458338670244, 103.700962208221)",59
CAR LOTS,B0039,BUKIT GOMBAK SPORTS COMPLEX,1.35863626801816,103.752554174631,"(1.35863626801816, 103.752554174631)",167
CAR LOTS,M0048,MARTABAN ROAD,1.32337302589092,103.850699599988,"(1.32337302589092, 103.850699599988)",16
CAR LOTS,G0033,GUL STREET 2,1.31841431327437,103.668173233586,"(1.31841431327437, 103.668173233586)",4
CAR LOTS,S0035,SERVICE ROAD OFF QUEEN STREET (BET. QUEEN ST / WATERLOO ST),1.29889763636653,103.852709831378,"(1.29889763636653, 103.852709831378)",8
CAR LOTS,M0066,MACTAGGART ROAD,1.33411501298306,103.883367847423,"(1.33411501298306, 103.883367847423)",10
CAR LOTS,S0085,SUNGEI KADUT LOOP,1.40783881019662,103.745315475522,"(1.40783881019662, 103.745315475522)",17
CAR LOTS,S0085,SUNGEI KADUT LOOP,1.40783881019662,103.745315475522,"(1.40783881019662, 103.745315475522)",17
MYCYCLE LOTS,T0141,TANJONG KATONG ROAD OFF STREET (OPP WILKINSON ROAD),1.30369431273067,103.896906335956,"(1.30369431273067, 103.896906335956)",40
CAR LOTS,R0003,RANGOON ROAD,1.31410850894077,103.854057124118,"(1.31410850894077, 103.854057124118)",85
CAR LOTS,H0050,HOWARD ROAD,1.33346689691957,103.885693391458,"(1.33346689691957, 103.885693391458)",9
MYCYCLE LOTS,B0001,BUKIT TIMAH ROAD,1.28246113840418,103.850869384487,"(1.28246113840418, 103.850869384487)",20
CAR LOTS,S0038,SERVICE ROAD BET. LIANG SEAH STREET / MIDDLE ROAD,1.29718083101732,103.856255431429,"(1.29718083101732, 103.856255431429)",12
CAR LOTS,B0002,BAGHDAD STREET,1.30105745919248,103.859489289583,"(1.30105745919248, 103.859489289583)",20
MYCYCLE LOTS,S0047,SHAN ROAD,1.32476467091275,103.846678817652,"(1.32476467091275, 103.846678817652)",21
MYCYCLE LOTS,BL014,BACKLANE BET BOON TAT STREET / AMOY STREET,1.28169025730858,103.847776598766,"(1.28169025730858, 103.847776598766)",16
CAR LOTS,K0011,KINTA ROAD,1.31033460311493,103.853201582219,"(1.31033460311493, 103.853201582219)",8
CAR LOTS,P0081,PIONEER SECTOR 1,1.30096935929348,103.657309298928,"(1.30096935929348, 103.657309298928)",172
CAR LOTS,P0002,PAHANG STREET,1.30176891903614,103.860780643432,"(1.30176891903614, 103.860780643432)",27
MYCYCLE LOTS,BL062,BACKLANE BET TEMPLE STREET /  SMITH STREET,1.28203739402215,103.844781983331,"(1.28203739402215, 103.844781983331)",13
MYCYCLE LOTS,BL124,BACKLANE BET HINDOO ROAD / ROWELL ROAD,1.3090658101009,103.853775346453,"(1.3090658101009, 103.853775346453)",4
MYCYCLE LOTS,BL094,BACKLANE BET MIDDLE ROAD / LIANG SEAH STREET,1.29715305482729,103.856104276321,"(1.29715305482729, 103.856104276321)",16
CAR LOTS,C0004,CARPENTER STREET,1.28774264040338,103.84827974724,"(1.28774264040338, 103.84827974724)",32
MYCYCLE LOTS,T0014,TRAS STREET,1.2747220796603,103.84382666234,"(1.2747220796603, 103.84382666234)",91
CAR LOTS,L0029,LOK YANG WAY,1.32454060249219,103.694383522418,"(1.32454060249219, 103.694383522418)",161
MYCYCLE LOTS,BL132,BACKLANE OFF DESKER ROAD,1.30934142669327,103.855298234344,"(1.30934142669327, 103.855298234344)",6
MYCYCLE LOTS,W0002,WATERLOO STREET,1.29855925333899,103.851441224201,"(1.29855925333899, 103.851441224201)",22
CAR LOTS,L0047,LORONG 35 GEYLANG,1.3145640453899,103.888613272713,"(1.3145640453899, 103.888613272713)",17
CAR LOTS,J0080,JALAN MASJID,1.31917447330279,103.912507153046,"(1.31917447330279, 103.912507153046)",25
CAR LOTS,W0055,WARNA ROAD OFF STREET,1.31085446921106,103.796253276577,"(1.31085446921106, 103.796253276577)",49
MYCYCLE LOTS,R0040,RAFFLES BOULEVARD COACH PARK,1.29145522623353,103.862167088522,"(1.29145522623353, 103.862167088522)",30
CAR LOTS,S0046,SING JOO WALK,1.31469558070365,103.854820174174,"(1.31469558070365, 103.854820174174)",9
MYCYCLE LOTS,B0100,BRIGHTON CRESCENT,1.3626683833683,103.871017909462,"(1.3626683833683, 103.871017909462)",21
CAR LOTS,L0056,LORONG 28 SERVICE ROAD GEYLANG,1.31142347054443,103.885937126314,"(1.31142347054443, 103.885937126314)",5
CAR LOTS,P0036,PUAY HEE AVENUE,1.3293244399661,103.87026019045,"(1.3293244399661, 103.87026019045)",11
CAR LOTS,L0002,LEMBU ROAD,1.30965007400522,103.854531612631,"(1.30965007400522, 103.854531612631)",22
CAR LOTS,C0098,CLIVE STREET,1.30553444731297,103.852460628735,"(1.30553444731297, 103.852460628735)",18
MYCYCLE LOTS,A0024,ADAM ROAD FOOD CENTRE OFF STREET,1.32370739228633,103.814280350182,"(1.32370739228633, 103.814280350182)",77
CAR LOTS,L0040,LORONG 28 GEYLANG,1.31168680296276,103.88565548529,"(1.31168680296276, 103.88565548529)",38
MYCYCLE LOTS,F0002,FOCH ROAD,1.31194236321305,103.859670226185,"(1.31194236321305, 103.859670226185)",41
MYCYCLE LOTS,L0096,LORONG 101 CHANGI,1.31455836056997,103.899952989269,"(1.31455836056997, 103.899952989269)",19
MYCYCLE LOTS,BL144,BACKLANE BET KITCHENER ROAD / PLUMER ROAD,1.30944545286796,103.858293940433,"(1.30944545286796, 103.858293940433)",5
MYCYCLE LOTS,BL192,BACKLANE OFF FARLEIGH AVENUE,1.36412912944576,103.865309967172,"(1.36412912944576, 103.865309967172)",15
MYCYCLE LOTS,BL061,BACKLANE BET TEMPLE STREET / PAGODA STREET,1.28309186727878,103.843936102448,"(1.28309186727878, 103.843936102448)",10
MYCYCLE LOTS,S0015,STANLEY STREET,1.27966224053578,103.847645134021,"(1.27966224053578, 103.847645134021)",32
MYCYCLE LOTS,U0021,UBI AVENUE 4,1.33337097582763,103.895102233982,"(1.33337097582763, 103.895102233982)",51
MYCYCLE LOTS,BL209,BACKLANE OFF MOHD ALI LANE / ANN SIANG HILL,1.28163047694681,103.845346927751,"(1.28163047694681, 103.845346927751)",6
CAR LOTS,J0112,JALAN GELENGGANG,1.37315316418236,103.829636211698,"(1.37315316418236, 103.829636211698)",13
CAR LOTS,S0048,SHAW ROAD,1.33609299235126,103.884280759032,"(1.33609299235126, 103.884280759032)",15
MYCYCLE LOTS,BL092,BACKLANE OFF SEAH STREET,1.29640743164152,103.854524936274,"(1.29640743164152, 103.854524936274)",3
MYCYCLE LOTS,BL019,BACKLANE BET UPPER CROSS STREET / MOSQUE STREET,1.2834586829609,103.84557905141,"(1.2834586829609, 103.84557905141)",20
CAR LOTS,L0101,LORONG 107 CHANGI,1.31578030098753,103.904071703399,"(1.31578030098753, 103.904071703399)",11
MYCYCLE LOTS,BL067,BACKLANE BET ANN  SIANG ROAD / ERSKINE ROAD,1.28084402072384,103.845660747564,"(1.28084402072384, 103.845660747564)",21
MYCYCLE LOTS,K0120,KEMPAS ROAD,1.3145040562945,103.860441669915,"(1.3145040562945, 103.860441669915)",44
CAR LOTS,B0073,BOON TAT STREET,1.28115417586698,103.848578195321,"(1.28115417586698, 103.848578195321)",29
MYCYCLE LOTS,M0026,MANILA STREET,1.29897757293152,103.854097205511,"(1.29897757293152, 103.854097205511)",17
MYCYCLE LOTS,BL138,BACKLANE BET KELANTAN LANE / ROAD,1.30610016514326,103.856055978798,"(1.30610016514326, 103.856055978798)",8
CAR LOTS,G0022,GENTING LINK,1.32860202292085,103.874247834844,"(1.32860202292085, 103.874247834844)",2
CAR LOTS,S0168,SERVICE ROAD OFF JALAN KELULUT,1.38315050174316,103.876080384588,"(1.38315050174316, 103.876080384588)",32
CAR LOTS,C0097,CAMPBELL LANE,1.30513226604978,103.85273769619,"(1.30513226604978, 103.85273769619)",8
MYCYCLE LOTS,S0170,SERVICE ROAD OFF SEMBAWANG ROAD,1.45339392194595,103.832305900057,"(1.45339392194595, 103.832305900057)",18
CAR LOTS,B0052,BANDA STREET,1.28088672396468,103.843389458622,"(1.28088672396468, 103.843389458622)",12
CAR LOTS,L0100,LORONG 106 CHANGI,1.3161973018002,103.903357589765,"(1.3161973018002, 103.903357589765)",6
MYCYCLE LOTS,BL055,BACKLANE OFF MCCALLUM STREET,1.27971646373202,103.847449102112,"(1.27971646373202, 103.847449102112)",3
CAR LOTS,B0096,BUKIT TIMAH  LINK OFF STREET,1.34114769294269,103.776912811931,"(1.34114769294269, 103.776912811931)",37
MYCYCLE LOTS,BL120,BACKLANE BET CUFF ROAD / VEERASAMY ROAD,1.30698695193514,103.8537241915,"(1.30698695193514, 103.8537241915)",12
MYCYCLE LOTS,Q0001,QUEEN STREET,1.29846882819397,103.852710353761,"(1.29846882819397, 103.852710353761)",34
CAR LOTS,P0115,PASIR RIS SPORTS & RECREATION CENTRE,1.37383714621949,103.951651438295,"(1.37383714621949, 103.951651438295)",131
CAR LOTS,C0130,CHANGI SOUTH STREET 2,1.33083005100311,103.963975193505,"(1.33083005100311, 103.963975193505)",97
MYCYCLE LOTS,B0092,BABOO LANE,1.30867857736315,103.854218934018,"(1.30867857736315, 103.854218934018)",6
MYCYCLE LOTS,BL093,BACKLANE OFF PURVIS STREET,1.29631285878592,103.855654073289,"(1.29631285878592, 103.855654073289)",9
CAR LOTS,F0025,FORTH LOK YANG ROAD,1.32520715159079,103.68790169435,"(1.32520715159079, 103.68790169435)",23
CAR LOTS,T0123,TUAS SOUTH STREET 2,1.30637991066855,103.633974835924,"(1.30637991066855, 103.633974835924)",25
CAR LOTS,Q0008,QUEENSWAY OFF STREET (RIDOUT TEA GARDEN),1.30449016775603,103.801823232026,"(1.30449016775603, 103.801823232026)",85
CAR LOTS,N0010,NIVEN ROAD,1.3030872336076,103.849519798384,"(1.3030872336076, 103.849519798384)",20
CAR LOTS,N0023,NETHERAVON ROAD,1.39091181027397,103.985941993826,"(1.39091181027397, 103.985941993826)",21
MYCYCLE LOTS,S0166,SEMBAWANG ROAD / ADMIRALTY ROAD EAST OFF STREET,1.45343904539719,103.833150195456,"(1.45343904539719, 103.833150195456)",77
CAR LOTS,C0157,CHANGI NORTH CRESCENT,1.34797341208186,103.967023277848,"(1.34797341208186, 103.967023277848)",18
CAR LOTS,K0052,KALLANG SECTOR,1.32388267061417,103.87381231392,"(1.32388267061417, 103.87381231392)",48
MYCYCLE LOTS,BL208,BACKLANE BET BAGHDAD STREET / MUSCAT STREET,1.30120665588692,103.859572724649,"(1.30120665588692, 103.859572724649)",19
MYCYCLE LOTS,H0011,HOLLAND DRIVE OFF STREET CARPARK,1.31012129892158,103.793042260857,"(1.31012129892158, 103.793042260857)",304
CAR LOTS,B0008,BEATTY ROAD,1.31369166063446,103.858771849253,"(1.31369166063446, 103.858771849253)",32
CAR LOTS,D0002,DUBLIN ROAD,1.29828018943734,103.839954709742,"(1.29828018943734, 103.839954709742)",7
CAR LOTS,O0010,OUTRAM ROAD,1.2849000806191,103.834937751457,"(1.2849000806191, 103.834937751457)",28
CAR LOTS,B0011,BIRCH ROAD,1.31064088803476,103.854182095387,"(1.31064088803476, 103.854182095387)",14
MYCYCLE LOTS,BL077,BACKLANE BET JIAK CHUAN ROAD / TECK LIM ROAD,1.28003017223252,103.841807135264,"(1.28003017223252, 103.841807135264)",7
CAR LOTS,D0009,DESKER ROAD,1.30797566467359,103.85673828544,"(1.30797566467359, 103.85673828544)",103
CAR LOTS,M0006,MCCALLUM STREET,1.27948828822993,103.847559767474,"(1.27948828822993, 103.847559767474)",11
CAR LOTS,C0022,CLUB STREET,1.28151036053464,103.846184397423,"(1.28151036053464, 103.846184397423)",36
CAR LOTS,L0089,LOYANG LANE,1.37323480978336,103.968124560252,"(1.37323480978336, 103.968124560252)",19
CAR LOTS,W0045,WARNA ROAD,1.31150776797932,103.796455969715,"(1.31150776797932, 103.796455969715)",17
CAR LOTS,R0015,ROWELL ROAD,1.30763678460658,103.856268146896,"(1.30763678460658, 103.856268146896)",89
CAR LOTS,T0039,TANNERY LANE,1.32648825410706,103.878963530328,"(1.32648825410706, 103.878963530328)",36
MYCYCLE LOTS,BL011,BACKLANE OFF SYNAGOGUE STREET,1.28552004438338,103.848580734386,"(1.28552004438338, 103.848580734386)",43
CAR LOTS,L0120,LORONG MYDIN,1.31943274112542,103.911610585144,"(1.31943274112542, 103.911610585144)",3
CAR LOTS,P0049,PENSHURT PLACE,1.36361018175408,103.864557299172,"(1.36361018175408, 103.864557299172)",8
CAR LOTS,B0045,BLAIR ROAD,1.27563928446759,103.835662435141,"(1.27563928446759, 103.835662435141)",43
CAR LOTS,C0110,COOK STREET,1.27878012513416,103.844291008859,"(1.27878012513416, 103.844291008859)",5
CAR LOTS,A0037,ANG MO KIO STREET 64,1.38760853230426,103.849624742206,"(1.38760853230426, 103.849624742206)",11
CAR LOTS,A0036,ANG MO KIO STREET 62,1.38644025931496,103.84543561163,"(1.38644025931496, 103.84543561163)",15
MYCYCLE LOTS,D0011,DUXTON HILL,1.27896225054333,103.842735983349,"(1.27896225054333, 103.842735983349)",8
CAR LOTS,K0057,KALLANG AVENUE,1.30996268533068,103.86546464152,"(1.30996268533068, 103.86546464152)",80
CAR LOTS,S0086,SUNGEI KADUT STREET 1,1.42039910251931,103.750536568323,"(1.42039910251931, 103.750536568323)",59
CAR LOTS,T0080,TUAS AVENUE 7,1.33172659793259,103.645622777813,"(1.33172659793259, 103.645622777813)",35
MYCYCLE LOTS,BL151,BACKLANE OFF CAVAN ROAD,1.31047637755756,103.861224248924,"(1.31047637755756, 103.861224248924)",5
MYCYCLE LOTS,T0074,TAMPINES INDUSTRIAL AVENUE 3,1.35857218408111,103.928931099195,"(1.35857218408111, 103.928931099195)",28
CAR LOTS,F0030,FARLEIGH AVENUE,1.36437589422243,103.866047926746,"(1.36437589422243, 103.866047926746)",26
CAR LOTS,J0010,JALAN LANA,1.32332393643097,103.918902110206,"(1.32332393643097, 103.918902110206)",9
MYCYCLE LOTS,M0009,MISTRI ROAD,1.27375435704417,103.845952289549,"(1.27375435704417, 103.845952289549)",18
MYCYCLE LOTS,BL193,BACKLANE OFF SERANGOON GARDEN WAY,1.36364207692246,103.86530649317,"(1.36364207692246, 103.86530649317)",8
MYCYCLE LOTS,BL060,BACKLANE OFF SMITH STREET,1.28325057491982,103.843098300737,"(1.28325057491982, 103.843098300737)",15
CAR LOTS,S0128,SERVICE ROAD OFF CHAI CHEE DRIVE,1.32326537048325,103.919351446349,"(1.32326537048325, 103.919351446349)",11
MYCYCLE LOTS,BL034,BACKLANE BET KEONG SIAK ROAD / NEIL ROAD,1.28059957419046,103.842007344023,"(1.28059957419046, 103.842007344023)",8
MYCYCLE LOTS,BL034,BACKLANE BET KEONG SIAK ROAD / NEIL ROAD,1.28059957419046,103.842007344023,"(1.28059957419046, 103.842007344023)",8
CAR LOTS,S0092,SENOKO SOUTH ROAD,1.45478507768213,103.80155828029,"(1.45478507768213, 103.80155828029)",32
CAR LOTS,L0076,LORONG MELAYU,1.31897916868962,103.9107075129,"(1.31897916868962, 103.9107075129)",9
CAR LOTS,S0157,SERVICE ROAD OFF JALAN MASJID,1.31946330562585,103.91198992562,"(1.31946330562585, 103.91198992562)",8
CAR LOTS,G0018,GENTING LANE,1.32378570114867,103.878193391115,"(1.32378570114867, 103.878193391115)",44
CAR LOTS,L0061,LIM TUA TOW ROAD,1.35399267474445,103.876776025607,"(1.35399267474445, 103.876776025607)",6
CAR LOTS,S0091,SENOKO ROAD,1.46312112991879,103.80317440717,"(1.46312112991879, 103.80317440717)",25
MYCYCLE LOTS,W0004,WILKIE ROAD,1.30210583569963,103.848553817729,"(1.30210583569963, 103.848553817729)",28
MYCYCLE LOTS,J0051,JALAN MAS PUTEH,1.30816543849522,103.76187072974,"(1.30816543849522, 103.76187072974)",37
CAR LOTS,D0012,DALHOUSIE LANE,1.30483716218397,103.852347046268,"(1.30483716218397, 103.852347046268)",4
MYCYCLE LOTS,T0003,TANK ROAD,1.29418149700989,103.84344006993,"(1.29418149700989, 103.84344006993)",30
MYCYCLE LOTS,T0003,TANK ROAD,1.29418149700989,103.84344006993,"(1.29418149700989, 103.84344006993)",30
MYCYCLE LOTS,M0084,MARINA VIEW OFF STREET,1.2742871506972,103.849396678888,"(1.2742871506972, 103.849396678888)",60
MYCYCLE LOTS,BL128,BACKLANE OFF ROWELL ROAD,1.30722510500549,103.856085787437,"(1.30722510500549, 103.856085787437)",10
MYCYCLE LOTS,T0057,TESSENSOHN ROAD,1.31392795154288,103.854812830055,"(1.31392795154288, 103.854812830055)",59
MYCYCLE LOTS,BL046,BACKLANE BET SYNAGOGUE STREET / CHURCH STREET,1.28451275145067,103.849103504108,"(1.28451275145067, 103.849103504108)",9
CAR LOTS,S0139,SERVICE ROAD OFF UPPER BUKIT TIMAH ROAD,1.34287641739025,103.775680279604,"(1.34287641739025, 103.775680279604)",40
MYCYCLE LOTS,C0038,CLAYMORE HILL,1.3073828088693,103.831340049182,"(1.3073828088693, 103.831340049182)",35
CAR LOTS,S0167,SERVICE ROAD OFF JALAN SELASEH,1.38506359942894,103.872660056415,"(1.38506359942894, 103.872660056415)",34
CAR LOTS,P0025,PRINCESS OF WALES ROAD,1.32379690474294,103.808428692769,"(1.32379690474294, 103.808428692769)",3
CAR LOTS,G0026,GUL CIRCLE,1.31224055221003,103.67434238065,"(1.31224055221003, 103.67434238065)",43
MYCYCLE LOTS,BL172,BACKLANE BET ARAB STREET / JALAN PINANG,1.30229819418328,103.8583395493,"(1.30229819418328, 103.8583395493)",10
CAR LOTS,S0005,SERANGOON ROAD (KITCHENER ROAD / LAVENDER STREET),1.31283640899808,103.856300875326,"(1.31283640899808, 103.856300875326)",46
MYCYCLE LOTS,BL118,BACKLANE BET DICKSON ROAD / UPPER WELD ROAD,1.30558730640854,103.854279583758,"(1.30558730640854, 103.854279583758)",5
MYCYCLE LOTS,K0039,KING GEORGE'S AVENUE / HORNE ROAD OFF STREET,1.30948423672023,103.861739205851,"(1.30948423672023, 103.861739205851)",78
CAR LOTS,Q0005,QUALITY ROAD FOOD CENTRE (JTC),1.33295753212807,103.710474774065,"(1.33295753212807, 103.710474774065)",51
MYCYCLE LOTS,M0076,MINBU ROAD OFF STREET,1.32491166816026,103.848836967833,"(1.32491166816026, 103.848836967833)",123
CAR LOTS,C0053,CAIRNHILL ROAD SERVICE ROAD,1.30805227020767,103.837000833733,"(1.30805227020767, 103.837000833733)",12
CAR LOTS,S0164,SELETAR AEROSPACE VIEW,1.41018275909352,103.869187260987,"(1.41018275909352, 103.869187260987)",51
CAR LOTS,T0019,TANJONG PENJURU CRESCENT,1.30110489164921,103.74057339877,"(1.30110489164921, 103.74057339877)",12
CAR LOTS,L0060,LORONG BAKAR BATU,1.32632756130304,103.87450045562,"(1.32632756130304, 103.87450045562)",55
MYCYCLE LOTS,S0070,SIMON ROAD SERVICE ROAD,1.36150188101541,103.885990378766,"(1.36150188101541, 103.885990378766)",28
MYCYCLE LOTS,J0009,JALAN KUBOR (NORTH BRIDGE ROAD / VICTORIA STREET),1.30358412390917,103.859575888757,"(1.30358412390917, 103.859575888757)",19
MYCYCLE LOTS,P0082,PIONEER SECTOR 2,1.29408769967589,103.667092129813,"(1.29408769967589, 103.667092129813)",169
CAR LOTS,C0119,CEYLON ROAD OFF STREET,1.30977530715461,103.899379880318,"(1.30977530715461, 103.899379880318)",23
MYCYCLE LOTS,BL180,BACKLANE BET JALAN SULTAN / ALIWAL STREET,1.3017324913012,103.861827236511,"(1.3017324913012, 103.861827236511)",18
MYCYCLE LOTS,M0088,MARGARET DRIVE OFF STREET,1.30029520668714,103.803027670463,"(1.30029520668714, 103.803027670463)",67
MYCYCLE LOTS,BL015,BACKLANE OFF AMOY STREET,1.28084814414684,103.847328750897,"(1.28084814414684, 103.847328750897)",8
MYCYCLE LOTS,M0011,MOSQUE STREET,1.2833963648608,103.84541590246,"(1.2833963648608, 103.84541590246)",61
CAR LOTS,C0142,CHANG CHARN ROAD,1.28888657764857,103.812151657823,"(1.28888657764857, 103.812151657823)",9
MYCYCLE LOTS,G0043,GOODLINK PARK / JALAN MATA AYER OFF STREET,1.42569074100946,103.825694608381,"(1.42569074100946, 103.825694608381)",29
MYCYCLE LOTS,M0085,MARTIN PLACE / MUTHURAMAN CHETTY ROAD,1.29249223462081,103.837923237797,"(1.29249223462081, 103.837923237797)",27
MYCYCLE LOTS,BL177,BACKLANE OFF BAGHDAD STREET,1.30117651428876,103.860341681462,"(1.30117651428876, 103.860341681462)",10
MYCYCLE LOTS,BL116,BACKLANE BET KAMPONG KAPOR / UPPER DICKSON ROAD,1.30636735044917,103.852640819807,"(1.30636735044917, 103.852640819807)",10
MYCYCLE LOTS,L0124,LORONG 37 GEYALNG OFF STREET (EPS),1.31493673093877,103.889350305682,"(1.31493673093877, 103.889350305682)",45
MYCYCLE LOTS,BL196,BACKLANE OFF BLAIR ROAD / SPOTTISWOODE PARK ROAD,1.27679425422275,103.836641721876,"(1.27679425422275, 103.836641721876)",11
CAR LOTS,J0037,JOO YEE ROAD,1.32806473231153,103.715877242872,"(1.32806473231153, 103.715877242872)",14
MYCYCLE LOTS,B0005,BANDA STREET / SAGO LANE OFF STREET,1.28110073225642,103.843769259943,"(1.28110073225642, 103.843769259943)",43
MYCYCLE LOTS,N0020,NEW MARKET ROAD,1.2871126341133,103.844699395008,"(1.2871126341133, 103.844699395008)",16
MYCYCLE LOTS,H0012,HONG KONG STREET,1.28646304822852,103.84716381483,"(1.28646304822852, 103.84716381483)",36
MYCYCLE LOTS,BL023,BACKLANE BET PECK SEAH STREET / TRAS STREET,1.2771804293225,103.844689936334,"(1.2771804293225, 103.844689936334)",18
CAR LOTS,L0087,LOYANG CRESCENT,1.3787425421553,103.974188713688,"(1.3787425421553, 103.974188713688)",37
CAR LOTS,S0022,SYED ALWI ROAD (JALAN BESAR / ROCHOR CANAL ROAD),1.3063956907028,103.859217092961,"(1.3063956907028, 103.859217092961)",48
CAR LOTS,P0077,PANDAN AVENUE,1.30182855345843,103.748323745178,"(1.30182855345843, 103.748323745178)",16
MYCYCLE LOTS,A0035,ANTHONY ROAD OFF STREET,1.31008226632073,103.836831229346,"(1.31008226632073, 103.836831229346)",62
CAR LOTS,O0031,ONAN ROAD / JOO CHIAT ROAD OFF STREET,1.31403939397129,103.898659194665,"(1.31403939397129, 103.898659194665)",20
MYCYCLE LOTS,BL010,BACKLANE BET LORONG TELOK / CIRCULAR ROAD,1.28599578506404,103.849099842669,"(1.28599578506404, 103.849099842669)",20
MYCYCLE LOTS,BL031,BACKLANE OFF BUKIT PASOH ROAD,1.27838712783549,103.840495326329,"(1.27838712783549, 103.840495326329)",12
MYCYCLE LOTS,BL053,BACKLANE BET BOON TAT STREET / MCCUALLUM STREET,1.27955351104186,103.848799696102,"(1.27955351104186, 103.848799696102)",60
MYCYCLE LOTS,BL212,BACKLANE BET ONAN ROAD / JOO CHIAT ROAD,1.30992684777949,103.901628221893,"(1.30992684777949, 103.901628221893)",6
MYCYCLE LOTS,BL054,BACKLANE OFF BOON TAT STREET,1.28111688219201,103.848183309058,"(1.28111688219201, 103.848183309058)",24
CAR LOTS,J0128,JALAN KLEDEK OFF STREET,1.30353969987153,103.859037277257,"(1.30353969987153, 103.859037277257)",6
CAR LOTS,S0084,SUNGEI KADUT DRIVE,1.40898442767409,103.746330371604,"(1.40898442767409, 103.746330371604)",38
CAR LOTS,J0035,JALAN TAMPANG,1.44155041153614,103.823622363304,"(1.44155041153614, 103.823622363304)",36
MYCYCLE LOTS,BL016,BACKLANE OFF GEMILL LANE,1.28248230438176,103.847167148573,"(1.28248230438176, 103.847167148573)",6
MYCYCLE LOTS,H0004,HOLLAND DRIVE / NORTH BOUNA VISTA ROAD OFF STREET,1.31173005395788,103.792599426624,"(1.31173005395788, 103.792599426624)",97
MYCYCLE LOTS,BL021,BACKLANE OFF COOK STREET,1.27902327479798,103.844221377715,"(1.27902327479798, 103.844221377715)",10
MYCYCLE LOTS,C0036,CLAYMORE ROAD,1.30734357541594,103.830992541314,"(1.30734357541594, 103.830992541314)",43
CAR LOTS,S0168,SERVICE ROAD OFF JALAN KELULUT,1.38315050174316,103.876080384588,"(1.38315050174316, 103.876080384588)",32
CAR LOTS,L0031,LORONG TAHAR,1.31247734998062,103.875545376361,"(1.31247734998062, 103.875545376361)",2
CAR LOTS,C0113,CHANGI ROAD (BET JALAN KEMBANGAN / STILL ROAD),1.31788362822047,103.906192582186,"(1.31788362822047, 103.906192582186)",73
MYCYCLE LOTS,BL210,BACKLANE OFF NORTH BRIDGE ROAD,1.30325709406226,103.859644969188,"(1.30325709406226, 103.859644969188)",5
MYCYCLE LOTS,N0013,NORTH BRIDGE ROAD OFF STREET,1.30004801664539,103.856613839218,"(1.30004801664539, 103.856613839218)",111
MYCYCLE LOTS,R0037,RANGOON LANE OFF STREET,1.31637921484049,103.854266586949,"(1.31637921484049, 103.854266586949)",29
MYCYCLE LOTS,L0123,LORONG 9-11 GEYLANG (EPS),1.3129251264046,103.876530198456,"(1.3129251264046, 103.876530198456)",65
MYCYCLE LOTS,BL022,BACKLANE BET TRAS STREET / COOK STREET,1.27854411553281,103.844336664344,"(1.27854411553281, 103.844336664344)",15
MYCYCLE LOTS,C0011,CHEONG CHIN NAM ROAD,1.34200566510296,103.775534328985,"(1.34200566510296, 103.775534328985)",84
MYCYCLE LOTS,O0013,OUTRAM HILL,1.28423404173083,103.83632998584,"(1.28423404173083, 103.83632998584)",21
MYCYCLE LOTS,BL021,BACKLANE OFF COOK STREET,1.27902327479798,103.844221377715,"(1.27902327479798, 103.844221377715)",10
MYCYCLE LOTS,B0101,BOON LAY WAY HVP,1.32525278412481,103.75030485703,"(1.32525278412481, 103.75030485703)",91
MYCYCLE LOTS,P0006,PECK SEAH STREET,1.27801298006495,103.844977347025,"(1.27801298006495, 103.844977347025)",11
MYCYCLE LOTS,P0006,PECK SEAH STREET,1.27801298006495,103.844977347025,"(1.27801298006495, 103.844977347025)",11
MYCYCLE LOTS,BL041,BACKLANE BET CARPENTER / UPPER CIRCULAR ROAD,1.28844188215323,103.847581620065,"(1.28844188215323, 103.847581620065)",9
MYCYCLE LOTS,BL009,BACKLANE BET HONGKONG STREET / CARPENTER STREET,1.28765635544446,103.848041114111,"(1.28765635544446, 103.848041114111)",7
